solutions,herrings
cigar,aahed
rebut,aalii
sissy,aargh
humph,aarti
awake,abaca
blush,abaci
focal,abacs
evade,abaft
naval,abaka
serve,abamp
heath,aband
dwarf,abash
model,abask
karma,abaya
stink,abbas
grade,abbed
quiet,abbes
bench,abcee
abate,abeam
feign,abear
major,abele
death,abers
fresh,abets
crust,abies
stool,abler
colon,ables
abase,ablet
marry,ablow
react,abmho
batty,abohm
pride,aboil
floss,aboma
helix,aboon
croak,abord
staff,abore
paper,abram
unfed,abray
whelp,abrim
trawl,abrin
outdo,abris
adobe,absey
crazy,absit
sower,abuna
repay,abune
digit,abuts
crate,abuzz
cluck,abyes
spike,abysm
mimic,acais
pound,acari
maxim,accas
linen,accoy
unmet,acerb
flesh,acers
booby,aceta
forth,achar
first,ached
stand,aches
belly,achoo
ivory,acids
seedy,acidy
print,acing
yearn,acini
drain,ackee
bribe,acker
stout,acmes
panel,acmic
crass,acned
flume,acnes
offal,acock
agree,acold
error,acred
swirl,acres
argue,acros
bleed,acted
delta,actin
flick,acton
totem,acyls
wooer,adaws
front,adays
shrub,adbot
parry,addax
biome,added
lapel,adder
start,addio
greet,addle
goner,adeem
golem,adhan
lusty,adieu
loopy,adios
round,adits
audit,adman
lying,admen
gamma,admix
labor,adobo
islet,adown
civic,adoze
forge,adrad
corny,adred
moult,adsum
basic,aduki
salad,adunc
agate,adust
spicy,advew
spray,adyta
essay,adzed
fjord,adzes
spend,aecia
kebab,aedes
guild,aegis
aback,aeons
motor,aerie
alone,aeros
hatch,aesir
hyper,afald
thumb,afara
dowry,afars
ought,afear
belch,aflaj
dutch,afore
pilot,afrit
tweed,afros
comet,agama
jaunt,agami
enema,agars
steed,agast
abyss,agave
growl,agaze
fling,agene
dozen,agers
boozy,agger
erode,aggie
world,aggri
gouge,aggro
click,aggry
briar,aghas
great,agila
altar,agios
pulpy,agism
blurt,agist
coast,agita
duchy,aglee
groin,aglet
fixer,agley
group,agloo
rogue,aglus
badly,agmas
smart,agoge
pithy,agone
gaudy,agons
chill,agood
heron,agria
vodka,agrin
finer,agros
surer,agued
radio,agues
rouge,aguna
perch,aguti
retch,aheap
wrote,ahent
clock,ahigh
tilde,ahind
store,ahing
prove,ahint
bring,ahold
solve,ahull
cheat,ahuru
grime,aidas
exult,aided
usher,aides
epoch,aidoi
triad,aidos
break,aiery
rhino,aigas
viral,aight
conic,ailed
masse,aimed
sonic,aimer
vital,ainee
trace,ainga
using,aioli
peach,aired
champ,airer
baton,airns
brake,airth
pluck,airts
craze,aitch
gripe,aitus
weary,aiver
picky,aiyee
acute,aizle
ferry,ajies
aside,ajiva
tapir,ajuga
troll,ajwan
unify,akees
rebus,akela
boost,akene
truss,aking
siege,akita
tiger,akkas
banal,alaap
slump,alack
crank,alamo
gorge,aland
query,alane
drink,alang
favor,alans
abbey,alant
tangy,alapa
panic,alaps
solar,alary
shire,alate
proxy,alays
point,albas
robot,albee
prick,alcid
wince,alcos
crimp,aldea
knoll,alder
sugar,aldol
whack,aleck
mount,alecs
perky,alefs
could,aleft
wrung,aleph
light,alews
those,aleye
moist,alfas
shard,algal
pleat,algas
aloft,algid
skill,algin
elder,algor
frame,algum
humor,alias
pause,alifs
ulcer,aline
ultra,alist
robin,aliya
cynic,alkie
agora,alkos
aroma,alkyd
caulk,alkyl
shake,allee
pupal,allel
dodge,allis
swill,allod
tacit,allyl
other,almah
thorn,almas
trove,almeh
bloke,almes
vivid,almud
spill,almug
chant,alods
choke,aloed
rupee,aloes
nasty,aloha
mourn,aloin
ahead,aloos
brine,alowe
cloth,altho
hoard,altos
sweet,alula
month,alums
lapse,alure
watch,alvar
today,alway
focus,amahs
smelt,amain
tease,amate
cater,amaut
movie,amban
lynch,ambit
saute,ambos
allow,ambry
renew,ameba
their,ameer
slosh,amene
purge,amens
chest,ament
depot,amias
epoxy,amice
nymph,amici
found,amide
shall,amido
harry,amids
stove,amies
lowly,amiga
snout,amigo
trope,amine
fewer,amino
shawl,amins
natal,amirs
fibre,amlas
comma,amman
foray,ammon
scare,ammos
stair,amnia
black,amnic
squad,amnio
royal,amoks
chunk,amole
mince,amort
slave,amour
shame,amove
cheek,amowt
ample,amped
flair,ampul
foyer,amrit
cargo,amuck
oxide,amyls
plant,anana
olive,anata
inert,ancho
askew,ancle
heist,ancon
shown,andro
zesty,anear
hasty,anele
trash,anent
fella,angas
larva,anglo
forgo,anigh
story,anile
hairy,anils
train,anima
homer,animi
badge,anion
midst,anise
canny,anker
fetus,ankhs
butch,ankus
farce,anlas
slung,annal
tipsy,annas
metal,annat
yield,anoas
delve,anole
being,anomy
scour,ansae
glass,antae
gamer,antar
scrap,antas
money,anted
hinge,antes
album,antis
vouch,antra
asset,antre
tiara,antsy
crept,anura
bayou,anyon
atoll,apace
manor,apage
creak,apaid
showy,apayd
phase,apays
froth,apeak
depth,apeek
gloom,apers
flood,apert
trait,apery
girth,apgar
piety,aphis
payer,apian
goose,apiol
float,apish
donor,apism
atone,apode
primo,apods
apron,apoop
blown,aport
cacao,appal
loser,appay
input,appel
gloat,appro
awful,appui
brink,appuy
smite,apres
beady,apses
rusty,apsis
retro,apsos
droll,apted
gawky,apter
hutch,aquae
pinto,aquas
gaily,araba
egret,araks
lilac,arame
sever,arars
field,arbas
fluff,arced
hydro,archi
flack,arcos
agape,arcus
wench,ardeb
voice,ardri
stead,aread
stalk,areae
berth,areal
madam,arear
night,areas
bland,areca
liver,aredd
wedge,arede
augur,arefy
roomy,areic
wacky,arene
flock,arepa
angry,arere
bobby,arete
trite,arets
aphid,arett
tryst,argal
midge,argan
power,argil
elope,argle
cinch,argol
motto,argon
stomp,argot
upset,argus
bluff,arhat
cramp,arias
quart,ariel
coyly,ariki
youth,arils
rhyme,ariot
buggy,arish
alien,arked
smear,arled
unfit,arles
patty,armed
cling,armer
glean,armet
label,armil
hunky,arnas
khaki,arnut
poker,aroba
gruel,aroha
twice,aroid
twang,arpas
shrug,arpen
treat,arrah
unlit,arras
waste,arret
merit,arris
woven,arroz
octal,arsed
needy,arses
clown,arsey
widow,arsis
irony,artal
ruder,artel
gauze,artic
chief,artis
onset,aruhe
prize,arums
fungi,arval
charm,arvee
gully,arvos
inter,aryls
whoop,asana
taunt,ascon
leery,ascus
class,asdic
theme,ashed
lofty,ashes
tibia,ashet
booze,asked
alpha,asker
thyme,askoi
eclat,askos
doubt,aspen
parer,asper
chute,aspic
stick,aspie
trice,aspis
alike,aspro
sooth,assai
recap,assam
saint,asses
liege,assez
glory,assot
grate,aster
admit,astir
brisk,astun
soggy,asura
usurp,asway
scald,aswim
scorn,asyla
leave,ataps
twine,ataxy
sting,atigi
bough,atilt
marsh,atimy
sloth,atlas
dandy,atman
vigor,atmas
howdy,atmos
enjoy,atocs
valid,atoke
ionic,atoks
equal,atoms
unset,atomy
floor,atony
catch,atopy
spade,atria
stein,atrip
exist,attap
quirk,attar
denim,atuas
grove,audad
spiel,auger
mummy,aught
fault,aulas
foggy,aulic
flout,auloi
carry,aulos
sneak,aumil
libel,aunes
waltz,aunts
aptly,aurae
piney,aural
inept,aurar
aloud,auras
photo,aurei
dream,aures
stale,auric
vomit,auris
ombre,aurum
fanny,autos
unite,auxin
snarl,avale
baker,avant
there,avast
glyph,avels
pooch,avens
hippy,avers
spell,avgas
folly,avine
louse,avion
gulch,avise
vault,aviso
godly,avize
threw,avows
fleet,avyze
grave,awarn
inane,awato
shock,awave
crave,aways
spite,awdls
valve,aweel
skimp,aweto
claim,awing
rainy,awmry
musty,awned
pique,awner
daddy,awols
quasi,awork
arise,axels
aging,axile
valet,axils
opium,axing
avert,axite
stuck,axled
recut,axles
mulch,axman
genre,axmen
plume,axoid
rifle,axone
count,axons
incur,ayahs
total,ayaya
wrest,ayelp
mocha,aygre
deter,ayins
study,ayont
lover,ayres
safer,ayrie
rivet,azans
funny,azide
smoke,azido
mound,azine
undue,azlon
sedan,azoic
pagan,azole
swine,azons
guile,azote
gusty,azoth
equip,azuki
tough,azurn
canoe,azury
chaos,azygy
covet,azyme
human,azyms
udder,baaed
lunch,baals
blast,babas
stray,babel
manga,babes
melee,babka
lefty,baboo
quick,babul
paste,babus
given,bacca
octet,bacco
risen,baccy
groan,bacha
leaky,bachs
grind,backs
carve,baddy
loose,baels
sadly,baffs
spilt,baffy
apple,bafts
slack,baghs
honey,bagie
final,bahts
sheen,bahus
eerie,bahut
minty,bails
slick,bairn
derby,baisa
wharf,baith
spelt,baits
coach,baiza
erupt,baize
singe,bajan
price,bajra
spawn,bajri
fairy,bajus
jiffy,baked
filmy,baken
stack,bakes
chose,bakra
sleep,balas
ardor,balds
nanny,baldy
niece,baled
woozy,bales
handy,balks
grace,balky
ditto,balls
stank,bally
cream,balms
usual,baloo
diode,balsa
valor,balti
angle,balun
ninja,balus
muddy,bambi
chase,banak
reply,banco
prone,bancs
spoil,banda
heart,bandh
shade,bands
diner,bandy
arson,baned
onion,banes
sleet,bangs
dowel,bania
couch,banks
palsy,banns
bowel,bants
smile,bantu
evoke,banty
creek,banya
lance,bapus
eagle,barbe
idiot,barbs
siren,barby
built,barca
embed,barde
award,bardo
dross,bards
annul,bardy
goody,bared
frown,barer
patio,bares
laden,barfi
humid,barfs
elite,baric
lymph,barks
edify,barky
might,barms
reset,barmy
visit,barns
gusto,barny
purse,barps
vapor,barra
crock,barre
write,barro
sunny,barry
loath,barye
chaff,basan
slide,based
queer,basen
venom,baser
stamp,bases
sorry,basho
still,basij
acorn,basks
aping,bason
pushy,basse
tamer,bassi
hater,basso
mania,bassy
awoke,basta
brawn,basti
swift,basto
exile,basts
birch,bated
lucky,bates
freer,baths
risky,batik
ghost,batta
plier,batts
lunar,battu
winch,bauds
snare,bauks
nurse,baulk
house,baurs
borax,bavin
nicer,bawds
lurch,bawks
exalt,bawls
about,bawns
savvy,bawrs
toxin,bawty
tunic,bayed
pried,bayer
inlay,bayes
chump,bayle
lanky,bayts
cress,bazar
eater,bazoo
elude,beads
cycle,beaks
kitty,beaky
boule,beals
moron,beams
tenet,beamy
place,beano
lobby,beans
plush,beany
vigil,beare
index,bears
blink,beath
clung,beats
qualm,beaty
croup,beaus
clink,beaut
juicy,beaux
stage,bebop
decay,becap
nerve,becke
flier,becks
shaft,bedad
crook,bedel
clean,bedes
china,bedew
ridge,bedim
vowel,bedye
gnome,beedi
snuck,beefs
icing,beeps
spiny,beers
rigor,beery
snail,beets
flown,befog
rabid,begad
prose,begar
thank,begem
poppy,begot
budge,begum
fiber,beige
moldy,beigy
dowdy,beins
kneel,bekah
track,belah
caddy,belar
quell,belay
dumpy,belee
paler,belga
swore,bells
rebar,belon
scuba,belts
splat,bemad
flyer,bemas
horny,bemix
mason,bemud
doing,bends
ozone,bendy
amply,benes
molar,benet
ovary,benga
beset,benis
queue,benne
cliff,benni
magic,benny
truce,bento
sport,bents
fritz,benty
edict,bepat
twirl,beray
verse,beres
llama,bergs
eaten,berko
range,berks
whisk,berme
hovel,berms
rehab,berob
macaw,beryl
sigma,besat
spout,besaw
verve,besee
sushi,beses
dying,besit
fetid,besom
brain,besot
buddy,besti
thump,bests
scion,betas
candy,beted
chord,betes
basin,beths
march,betid
crowd,beton
arbor,betta
gayly,betty
musky,bever
stain,bevor
dally,bevue
bless,bevvy
bravo,bewet
stung,bewig
title,bezes
ruler,bezil
kiosk,bezzy
blond,bhais
ennui,bhaji
layer,bhang
fluid,bhats
tatty,bhels
score,bhoot
cutie,bhuna
zebra,bhuts
barge,biach
matey,biali
bluer,bialy
aider,bibbs
shook,bibes
river,biccy
privy,bices
betel,bided
frisk,bider
bongo,bides
begun,bidet
azure,bidis
weave,bidon
genie,bield
sound,biers
glove,biffo
braid,biffs
scope,biffy
wryly,bifid
rover,bigae
assay,biggs
ocean,biggy
bloom,bigha
irate,bight
later,bigly
woken,bigos
silky,bijou
wreck,biked
dwelt,biker
slate,bikes
smack,bikie
solid,bilbo
amaze,bilby
hazel,biled
wrist,biles
jolly,bilgy
globe,bilks
flint,bills
rouse,bimah
civil,bimas
vista,bimbo
relax,binal
cover,bindi
alive,binds
beech,biner
jetty,bines
bliss,bings
vocal,bingy
often,binit
dolly,binks
eight,bints
joker,biogs
since,biont
event,biota
ensue,biped
shunt,bipod
diver,birds
poser,birks
worst,birle
sweep,birls
alley,biros
creed,birrs
anime,birse
leafy,birsy
bosom,bises
dunce,bisks
stare,bisom
pudgy,bitch
waive,biter
choir,bites
stood,bitos
spoke,bitou
outgo,bitsy
delay,bitte
bilge,bitts
ideal,bivia
clasp,bivvy
seize,bizes
hotly,bizzo
laugh,bizzy
sieve,blabs
block,blads
meant,blady
grape,blaer
noose,blaes
hardy,blaff
shied,blags
drawl,blahs
daisy,blain
putty,blams
strut,blart
burnt,blase
tulip,blash
crick,blate
idyll,blats
vixen,blatt
furor,blaud
geeky,blawn
cough,blaws
naive,blays
shoal,blear
stork,blebs
bathe,blech
aunty,blees
check,blent
prime,blert
brass,blest
outer,blets
furry,bleys
razor,blimy
elect,bling
evict,blini
imply,blins
demur,bliny
quota,blips
haven,blist
cavil,blite
swear,blits
crump,blive
dough,blobs
gavel,blocs
wagon,blogs
salon,blook
nudge,bloop
harem,blore
pitch,blots
sworn,blows
pupil,blowy
excel,blubs
stony,blude
cabin,bluds
unzip,bludy
queen,blued
trout,blues
polyp,bluet
earth,bluey
storm,bluid
until,blume
taper,blunk
enter,blurs
child,blype
adopt,boabs
minor,boaks
fatty,boars
husky,boart
brave,boats
filet,bobac
slime,bobak
glint,bobas
tread,bobol
steal,bobos
regal,bocca
guest,bocce
every,bocci
murky,boche
share,bocks
spore,boded
hoist,bodes
buxom,bodge
inner,bodhi
otter,bodle
dimly,boeps
level,boets
sumac,boeuf
donut,boffo
stilt,boffs
arena,bogan
sheet,bogey
scrub,boggy
fancy,bogie
slimy,bogle
pearl,bogue
silly,bogus
porch,bohea
dingo,bohos
sepia,boils
amble,boing
shady,boink
bread,boite
friar,boked
reign,bokeh
dairy,bokes
quill,bokos
cross,bolar
brood,bolas
tuber,bolds
shear,boles
posit,bolix
blank,bolls
villa,bolos
shank,bolts
piggy,bolus
freak,bomas
which,bombe
among,bombo
fecal,bombs
shell,bonce
would,bonds
algae,boned
large,boner
rabbi,bones
agony,bongs
amuse,bonie
bushy,bonks
copse,bonne
swoon,bonny
knife,bonza
pouch,bonze
ascot,booai
plane,booay
crown,boobs
urban,boody
snide,booed
relay,boofy
abide,boogy
viola,boohs
rajah,books
straw,booky
dilly,bools
crash,booms
amass,boomy
third,boong
trick,boons
tutor,boord
woody,boors
blurb,boose
grief,boots
disco,boppy
where,borak
sassy,boral
beach,boras
sauna,borde
comic,bords
clued,bored
creep,boree
caste,borel
graze,borer
snuff,bores
frock,borgo
gonad,boric
drunk,borks
prong,borms
lurid,borna
steel,boron
halve,borts
buyer,borty
vinyl,bortz
utile,bosie
smell,bosks
adage,bosky
worry,boson
tasty,bosun
local,botas
trade,botel
finch,botes
ashen,bothy
modal,botte
gaunt,botts
clove,botty
enact,bouge
adorn,bouks
roast,boult
speck,bouns
sheik,bourd
missy,bourg
grunt,bourn
snoop,bouse
party,bousy
touch,bouts
mafia,bovid
emcee,bowat
array,bowed
south,bower
vapid,bowes
jelly,bowet
skulk,bowie
angst,bowls
tubal,bowne
lower,bowrs
crest,bowse
sweat,boxed
cyber,boxen
adore,boxes
tardy,boxla
swami,boxty
notch,boyar
groom,boyau
roach,boyed
hitch,boyfs
young,boygs
align,boyla
ready,boyos
frond,boysy
strap,bozos
puree,braai
realm,brach
venue,brack
swarm,bract
offer,brads
seven,braes
dryer,brags
diary,brail
dryly,braks
drank,braky
acrid,brame
heady,brane
theta,brank
junto,brans
pixie,brant
quoth,brast
bonus,brats
shalt,brava
penne,bravi
amend,braws
datum,braxy
build,brays
piano,braza
shelf,braze
lodge,bream
suing,brede
rearm,breds
coral,breem
ramen,breer
worth,brees
psalm,breid
infer,breis
overt,breme
mayor,brens
ovoid,brent
glide,brere
usage,brers
poise,breve
randy,brews
chuck,breys
prank,brier
fishy,bries
tooth,brigs
ether,briki
drove,briks
idler,brill
swath,brims
stint,brins
while,brios
begat,brise
apply,briss
slang,brith
tarot,brits
radar,britt
credo,brize
aware,broch
canon,brock
shift,brods
timer,brogh
bylaw,brogs
serum,brome
three,bromo
steak,bronc
iliac,brond
shirk,brool
blunt,broos
puppy,brose
penal,brosy
joist,brows
bunny,brugh
shape,bruin
beget,bruit
wheel,brule
adept,brume
stunt,brung
stole,brusk
topaz,brust
chore,bruts
fluke,buats
afoot,buaze
bloat,bubal
bully,bubas
dense,bubba
caper,bubbe
sneer,bubby
boxer,bubus
jumbo,buchu
lunge,bucko
space,bucks
avail,bucku
short,budas
slurp,budis
loyal,budos
flirt,buffa
pizza,buffe
conch,buffi
tempo,buffo
droop,buffs
plate,buffy
bible,bufos
plunk,bufty
afoul,buhls
savoy,buhrs
steep,buiks
agile,buist
stake,bukes
dwell,bulbs
knave,bulgy
beard,bulks
arose,bulla
motif,bulls
smash,bulse
broil,bumbo
glare,bumfs
shove,bumph
baggy,bumps
mammy,bumpy
swamp,bunas
along,bunce
rugby,bunco
wager,bunde
quack,bundh
squat,bunds
snaky,bundt
debit,bundu
mange,bundy
skate,bungs
ninth,bungy
joust,bunia
tramp,bunje
spurn,bunjy
medal,bunko
micro,bunks
rebel,bunns
flank,bunts
learn,bunty
nadir,bunya
maple,buoys
comfy,buppy
remit,buran
gruff,buras
ester,burbs
least,burds
mogul,buret
fetch,burfi
cause,burgh
oaken,burgs
aglow,burin
meaty,burka
gaffe,burke
shyly,burks
racer,burls
prowl,burns
thief,buroo
stern,burps
poesy,burqa
rocky,burro
tweet,burrs
waist,burry
spire,bursa
grope,burse
havoc,busby
patsy,buses
truly,busks
forty,busky
deity,bussu
uncle,busti
swish,busts
giver,busty
preen,buteo
bevel,butes
lemur,butle
draft,butoh
slope,butts
annoy,butty
lingo,butut
bleak,butyl
ditty,buzzy
curly,bwana
cedar,bwazi
dirge,byded
grown,bydes
horde,byked
drool,bykes
shuck,byres
crypt,byrls
cumin,byssi
stock,bytes
gravy,byway
locus,caaed
wider,cabas
breed,caber
quite,cabob
chafe,caboc
cache,cabre
blimp,cacas
deign,cacks
fiend,cacky
logic,cadee
cheap,cades
elide,cadge
rigid,cadgy
FALSE,cadie
renal,cadis
pence,cadre
rowdy,caeca
shoot,caese
blaze,cafes
envoy,caffs
posse,caged
brief,cager
never,cages
abort,cagot
mouse,cahow
mucky,caids
sulky,cains
fiery,caird
media,cajon
trunk,cajun
yeast,caked
clear,cakes
skunk,cakey
scalp,calfs
bitty,calid
cider,calif
koala,calix
duvet,calks
segue,calla
creme,calls
super,calms
grill,calmy
after,calos
owner,calpa
ember,calps
reach,calve
nobly,calyx
empty,caman
speed,camas
gipsy,cames
recur,camis
smock,camos
dread,campi
merge,campo
burst,camps
kappa,campy
amity,camus
shaky,caned
hover,caneh
carol,caner
snort,canes
synod,cangs
faint,canid
haunt,canna
flour,canns
chair,canso
detox,canst
shrew,canto
tense,cants
plied,canty
quark,capas
burly,caped
novel,capes
waxen,capex
stoic,caphs
jerky,capiz
blitz,caple
beefy,capon
lyric,capos
hussy,capot
towel,capri
quilt,capul
below,carap
bingo,carbo
wispy,carbs
brash,carby
scone,cardi
toast,cards
easel,cardy
saucy,cared
value,carer
spice,cares
honor,caret
route,carex
sharp,carks
bawdy,carle
radii,carls
skull,carns
phony,carny
issue,carob
lager,carom
swell,caron
urine,carpi
gassy,carps
trial,carrs
flora,carse
upper,carta
latch,carte
wight,carts
brick,carvy
retry,casas
holly,casco
decal,cased
grass,cases
shack,casks
dogma,casky
mover,casts
defer,casus
sober,cates
optic,cauda
crier,cauks
vying,cauld
nomad,cauls
flute,caums
hippo,caups
shark,cauri
drier,causa
obese,cavas
bugle,caved
tawny,cavel
chalk,caver
feast,caves
ruddy,cavie
pedal,cawed
scarf,cawks
cruel,caxon
bleat,ceaze
tidal,cebid
slush,cecal
semen,cecum
windy,ceded
dusty,ceder
sally,cedes
igloo,cedis
nerdy,ceiba
jewel,ceili
shone,ceils
whale,celeb
hymen,cella
abuse,celli
fugue,cells
elbow,celom
crumb,celts
pansy,cense
welsh,cento
syrup,cents
terse,centu
suave,ceorl
gamut,cepes
swung,cerci
drake,cered
freed,ceres
afire,cerge
shirt,ceria
grout,ceric
oddly,cerne
tithe,ceroc
plaid,ceros
dummy,certs
broom,certy
blind,cesse
torch,cesta
enemy,cesti
again,cetes
tying,cetyl
pesky,cezve
alter,chace
gazer,chack
noble,chaco
ethos,chado
bride,chads
extol,chaft
decor,chais
hobby,chals
beast,chams
idiom,chana
utter,chang
these,chank
sixth,chape
alarm,chaps
erase,chapt
elegy,chara
spunk,chare
piper,chark
scaly,charr
scold,chars
hefty,chary
chick,chats
sooty,chave
canal,chavs
whiny,chawk
slash,chaws
quake,chaya
joint,chays
swept,cheep
prude,chefs
heavy,cheka
wield,chela
femme,chelp
lasso,chemo
maize,chems
shale,chere
screw,chert
spree,cheth
smoky,chevy
whiff,chews
scent,chewy
glade,chiao
spent,chias
prism,chibs
stoke,chica
riper,chich
orbit,chico
cocoa,chics
guilt,chiel
humus,chiks
shush,chile
table,chimb
smirk,chimo
wrong,chimp
noisy,chine
alert,ching
shiny,chink
elate,chino
resin,chins
whole,chips
hunch,chirk
pixel,chirl
polar,chirm
hotel,chiro
sword,chirr
cleat,chirt
mango,chiru
rumba,chits
puffy,chive
filly,chivs
billy,chivy
leash,chizz
clout,choco
dance,chocs
ovate,chode
facet,chogs
chili,choil
paint,choko
liner,choky
curio,chola
salty,choli
audio,cholo
snake,chomp
fable,chons
cloak,choof
navel,chook
spurt,choom
pesto,choon
balmy,chops
flash,chota
unwed,chott
early,chout
churn,choux
weedy,chowk
stump,chows
lease,chubs
witty,chufa
wimpy,chuff
spoof,chugs
saner,chums
blend,churl
salsa,churr
thick,chuse
warty,chuts
manic,chyle
blare,chyme
squib,chynd
spoon,cibol
probe,cided
crepe,cides
knack,ciels
force,ciggy
debut,cilia
order,cills
haste,cimar
teeth,cimex
agent,cinct
widen,cines
icily,cinqs
slice,cions
ingot,cippi
clash,circs
juror,cires
blood,cirls
abode,cirri
throw,cisco
unity,cissy
pivot,cists
slept,cital
troop,cited
spare,citer
sewer,cites
parse,cives
morph,civet
cacti,civie
tacky,civvy
spool,clach
demon,clade
moody,clads
annex,claes
begin,clags
fuzzy,clame
patch,clams
water,clans
lumpy,claps
admin,clapt
omega,claro
limit,clart
tabby,clary
macho,clast
aisle,clats
skiff,claut
basis,clave
plank,clavi
verge,claws
botch,clays
crawl,cleck
lousy,cleek
slain,cleep
cubic,clefs
raise,clegs
wrack,cleik
guide,clems
foist,clepe
cameo,clept
under,cleve
actor,clews
revue,clied
fraud,clies
harpy,clift
scoop,clime
climb,cline
refer,clint
olden,clipe
clerk,clips
debar,clipt
tally,clits
ethic,cloam
cairn,clods
tulle,cloff
ghoul,clogs
hilly,cloke
crude,clomb
apart,clomp
scale,clonk
older,clons
plain,cloop
sperm,cloot
briny,clops
abbot,clote
rerun,clots
quest,clour
crisp,clous
bound,clows
befit,cloye
drawn,cloys
suite,cloze
itchy,clubs
cheer,clues
bagel,cluey
guess,clunk
broad,clype
axiom,cnida
chard,coact
caput,coady
leant,coala
harsh,coals
curse,coaly
proud,coapt
swing,coarb
opine,coate
taste,coati
lupus,coats
gumbo,cobbs
miner,cobby
green,cobia
chasm,coble
lipid,cobza
topic,cocas
armor,cocci
brush,cocco
crane,cocks
mural,cocky
abled,cocos
habit,codas
bossy,codec
maker,coded
dusky,coden
dizzy,coder
lithe,codes
brook,codex
jazzy,codon
fifty,coeds
sense,coffs
giant,cogie
surly,cogon
legal,cogue
fatal,cohab
flunk,cohen
began,cohoe
prune,cohog
small,cohos
slant,coifs
scoff,coign
torus,coils
ninny,coins
covey,coirs
viper,coits
taken,coked
moral,cokes
vogue,colas
owing,colby
token,colds
entry,coled
booth,coles
voter,coley
chide,colic
elfin,colin
ebony,colls
neigh,colly
minim,colog
melon,colts
kneed,colza
decoy,comae
voila,comal
ankle,comas
arrow,combe
mushy,combi
tribe,combo
cease,combs
eager,comby
birth,comer
graph,comes
odder,comix
terra,commo
weird,comms
tried,commy
clack,compo
color,comps
rough,compt
weigh,comte
uncut,comus
ladle,coned
strip,cones
craft,coney
minus,confs
dicey,conga
titan,conge
lucid,congo
vicar,conia
dress,conin
ditch,conks
gypsy,conky
pasta,conne
taffy,conns
flame,conte
swoop,conto
aloof,conus
sight,convo
broke,cooch
teary,cooed
chart,cooee
sixty,cooer
wordy,cooey
sheer,coofs
leper,cooks
nosey,cooky
bulge,cools
savor,cooly
clamp,coomb
funky,cooms
foamy,coomy
toxic,coons
brand,coops
plumb,coopt
dingy,coost
butte,coots
drill,cooze
tripe,copal
bicep,copay
tenor,coped
krill,copen
worse,coper
drama,copes
hyena,coppy
think,copra
ratio,copsy
cobra,coqui
basil,coram
scrum,corbe
bused,corby
phone,cords
court,cored
camel,cores
proof,corey
heard,corgi
angel,coria
petal,corks
pouty,corky
throb,corms
maybe,corni
fetal,corno
sprig,corns
spine,cornu
shout,corps
cadet,corse
macro,corso
dodgy,cosec
satyr,cosed
rarer,coses
binge,coset
trend,cosey
nutty,cosie
leapt,costa
amiss,coste
split,costs
myrrh,cotan
width,coted
sonar,cotes
tower,coths
baron,cotta
fever,cotts
waver,coude
spark,coups
belie,courb
sloop,courd
expel,coure
smote,cours
baler,couta
above,couth
north,coved
wafer,coves
scant,covin
frill,cowal
awash,cowan
snack,cowed
scowl,cowks
frail,cowls
drift,cowps
limbo,cowry
fence,coxae
motel,coxal
ounce,coxed
wreak,coxes
revel,coxib
talon,coyau
prior,coyed
knelt,coyer
cello,coypu
flake,cozed
debug,cozen
anode,cozes
crime,cozey
salve,cozie
scout,craal
imbue,crabs
pinky,crags
stave,craic
vague,craig
chock,crake
fight,crame
video,crams
stone,crans
teach,crape
cleft,craps
frost,crapy
prawn,crare
booty,craws
twist,crays
apnea,creds
stiff,creel
plaza,crees
ledge,crems
tweak,crena
board,creps
grant,crepy
medic,crewe
bacon,crews
cable,crias
brawl,cribs
slunk,cries
raspy,crims
forum,crine
drone,crios
women,cripe
mucus,crips
boast,crise
toddy,crith
coven,crits
tumor,croci
truer,crocs
wrath,croft
stall,crogs
steam,cromb
axial,crome
purer,cronk
daily,crons
trail,crool
niche,croon
mealy,crops
juice,crore
nylon,crost
plump,crout
merry,crows
flail,croze
papal,cruck
wheat,crudo
berry,cruds
cower,crudy
erect,crues
brute,cruet
leggy,cruft
snipe,crunk
sinew,cruor
skier,crura
penny,cruse
jumpy,crusy
rally,cruve
umbra,crwth
scary,cryer
modem,ctene
gross,cubby
avian,cubeb
greed,cubed
satin,cuber
tonic,cubes
parka,cubit
sniff,cuddy
livid,cuffo
stark,cuffs
trump,cuifs
giddy,cuing
reuse,cuish
taboo,cuits
avoid,cukes
quote,culch
devil,culet
liken,culex
gloss,culls
gayer,cully
beret,culms
noise,culpa
gland,culti
dealt,cults
sling,culty
rumor,cumec
opera,cundy
thigh,cunei
tonga,cunit
flare,cunts
wound,cupel
white,cupid
bulky,cuppa
etude,cuppy
horse,curat
circa,curbs
paddy,curch
inbox,curds
fizzy,curdy
grain,cured
exert,curer
surge,cures
gleam,curet
belle,curfs
salvo,curia
crush,curie
fruit,curli
sappy,curls
taker,curns
tract,curny
ovine,currs
spiky,cursi
frank,curst
reedy,cusec
filth,cushy
spasm,cusks
heave,cusps
mambo,cuspy
right,cusso
clank,cusum
trust,cutch
lumen,cuter
borne,cutes
spook,cutey
sauce,cutin
amber,cutis
lathe,cutto
carat,cutty
corer,cutup
dirty,cuvee
slyly,cuzes
affix,cwtch
alloy,cyano
taint,cyans
sheep,cycad
kinky,cycas
wooly,cyclo
mauve,cyder
flung,cylix
yacht,cymae
fried,cymar
quail,cymas
brunt,cymes
grimy,cymol
curvy,cysts
cagey,cytes
rinse,cyton
deuce,czars
state,daals
grasp,dabba
milky,daces
bison,dacha
graft,dacks
sandy,dadah
baste,dadas
flask,dados
hedge,daffs
girly,daffy
swash,dagga
boney,daggy
coupe,dagos
endow,dahls
abhor,daiko
welch,daine
blade,daint
tight,daker
geese,daled
miser,dales
mirth,dalis
cloud,dalle
cabal,dalts
leech,daman
close,damar
tenth,dames
pecan,damme
droit,damns
grail,damps
clone,dampy
guise,dancy
ralph,dangs
tango,danio
biddy,danks
smith,danny
mower,dants
payee,daraf
serif,darbs
drape,darcy
fifth,dared
spank,darer
glaze,dares
allot,darga
truck,dargs
kayak,daric
virus,daris
testy,darks
tepee,darky
fully,darns
zonal,darre
metro,darts
curry,darzi
grand,dashi
banjo,dashy
axion,datal
bezel,dated
occur,dater
chain,dates
nasal,datos
gooey,datto
filer,daube
brace,daubs
allay,dauby
pubic,dauds
raven,dault
plead,daurs
gnash,dauts
flaky,daven
munch,davit
dully,dawah
eking,dawds
thing,dawed
slink,dawen
hurry,dawks
theft,dawns
shorn,dawts
pygmy,dayan
ranch,daych
wring,daynt
lemon,dazed
shore,dazer
mamma,dazes
froze,deads
newer,deair
style,deals
moose,deans
antic,deare
drown,dearn
vegan,dears
chess,deary
guppy,deash
union,deave
lever,deaws
lorry,deawy
image,debag
cabby,debby
druid,debel
exact,debes
truth,debts
dopey,debud
spear,debur
cried,debus
chime,debye
crony,decad
stunk,decaf
timid,decan
batch,decko
gauge,decks
rotor,decos
crack,dedal
curve,deeds
latte,deedy
witch,deely
bunch,deems
repel,deens
anvil,deeps
soapy,deere
meter,deers
broth,deets
madly,deeve
dried,deevs
scene,defat
known,deffo
magma,defis
roost,defog
woman,degas
thong,degum
punch,degus
pasty,deice
downy,deids
knead,deify
whirl,deils
rapid,deism
clang,deist
anger,deked
drive,dekes
goofy,dekko
email,deled
music,deles
stuff,delfs
bleep,delft
rider,delis
mecca,dells
folio,delly
setup,delos
verso,delph
quash,delts
fauna,deman
gummy,demes
happy,demic
newly,demit
fussy,demob
relic,demoi
guava,demos
ratty,dempt
fudge,denar
femur,denay
chirp,dench
forte,denes
alibi,denet
whine,denis
petty,dents
golly,deoxy
plait,derat
fleck,deray
felon,dered
gourd,deres
brown,derig
thrum,derma
ficus,derms
stash,derns
decry,derny
wiser,deros
junta,derro
visor,derry
daunt,derth
scree,dervs
impel,desex
await,deshi
press,desis
whose,desks
turbo,desse
stoop,devas
speak,devel
mangy,devis
eying,devon
inlet,devos
crone,devot
pulse,dewan
mossy,dewar
staid,dewax
hence,dewed
pinch,dexes
teddy,dexie
sully,dhaba
snore,dhaks
ripen,dhals
snowy,dhikr
attic,dhobi
going,dhole
leach,dholl
mouth,dhols
hound,dhoti
clump,dhows
tonal,dhuti
bigot,diact
peril,dials
piece,diane
blame,diazo
haute,dibbs
spied,diced
undid,dicer
intro,dices
basal,dicht
shine,dicks
gecko,dicky
rodeo,dicot
guard,dicta
steer,dicts
loamy,dicty
scamp,diddy
scram,didie
manly,didos
hello,didst
vaunt,diebs
organ,diels
feral,diene
knock,diets
extra,diffs
condo,dight
adapt,dikas
willy,diked
polka,diker
rayon,dikes
skirt,dikey
faith,dildo
torso,dilli
match,dills
mercy,dimbo
tepid,dimer
sleek,dimes
riser,dimps
twixt,dinar
peace,dined
flush,dines
catty,dinge
login,dings
eject,dinic
roger,dinks
rival,dinky
untie,dinna
refit,dinos
aorta,dints
adult,diols
judge,diota
rower,dippy
artsy,dipso
rural,diram
shave,direr
,dirke
,dirks
,dirls
,dirts
,disas
,disci
,discs
,dishy
,disks
,disme
,dital
,ditas
,dited
,dites
,ditsy
,ditts
,ditzy
,divan
,divas
,dived
,dives
,divis
,divna
,divos
,divot
,divvy
,diwan
,dixie
,dixit
,diyas
,dizen
,djinn
,djins
,doabs
,doats
,dobby
,dobes
,dobie
,dobla
,dobra
,dobro
,docht
,docks
,docos
,docus
,doddy
,dodos
,doeks
,doers
,doest
,doeth
,doffs
,dogan
,doges
,dogey
,doggo
,doggy
,dogie
,dohyo
,doilt
,doily
,doits
,dojos
,dolce
,dolci
,doled
,doles
,dolia
,dolls
,dolma
,dolor
,dolos
,dolts
,domal
,domed
,domes
,domic
,donah
,donas
,donee
,doner
,donga
,dongs
,donko
,donna
,donne
,donny
,donsy
,doobs
,dooce
,doody
,dooks
,doole
,dools
,dooly
,dooms
,doomy
,doona
,doorn
,doors
,doozy
,dopas
,doped
,doper
,dopes
,dorad
,dorba
,dorbs
,doree
,dores
,doric
,doris
,dorks
,dorky
,dorms
,dormy
,dorps
,dorrs
,dorsa
,dorse
,dorts
,dorty
,dosai
,dosas
,dosed
,doseh
,doser
,doses
,dosha
,dotal
,doted
,doter
,dotes
,dotty
,douar
,douce
,doucs
,douks
,doula
,douma
,doums
,doups
,doura
,douse
,douts
,doved
,doven
,dover
,doves
,dovie
,dowar
,dowds
,dowed
,dower
,dowie
,dowle
,dowls
,dowly
,downa
,downs
,dowps
,dowse
,dowts
,doxed
,doxes
,doxie
,doyen
,doyly
,dozed
,dozer
,dozes
,drabs
,drack
,draco
,draff
,drags
,drail
,drams
,drant
,draps
,drats
,drave
,draws
,drays
,drear
,dreck
,dreed
,dreer
,drees
,dregs
,dreks
,drent
,drere
,drest
,dreys
,dribs
,drice
,dries
,drily
,drips
,dript
,droid
,droil
,droke
,drole
,drome
,drony
,droob
,droog
,drook
,drops
,dropt
,drouk
,drows
,drubs
,drugs
,drums
,drupe
,druse
,drusy
,druxy
,dryad
,dryas
,dsobo
,dsomo
,duads
,duals
,duans
,duars
,dubbo
,ducal
,ducat
,duces
,ducks
,ducky
,ducts
,duddy
,duded
,dudes
,duels
,duets
,duett
,duffs
,dufus
,duing
,duits
,dukas
,duked
,dukes
,dukka
,dulce
,dules
,dulia
,dulls
,dulse
,dumas
,dumbo
,dumbs
,dumka
,dumky
,dumps
,dunam
,dunch
,dunes
,dungs
,dungy
,dunks
,dunno
,dunny
,dunsh
,dunts
,duomi
,duomo
,duped
,duper
,dupes
,duple
,duply
,duppy
,dural
,duras
,dured
,dures
,durgy
,durns
,duroc
,duros
,duroy
,durra
,durrs
,durry
,durst
,durum
,durzi
,dusks
,dusts
,duxes
,dwaal
,dwale
,dwalm
,dwams
,dwang
,dwaum
,dweeb
,dwile
,dwine
,dyads
,dyers
,dyked
,dykes
,dykey
,dykon
,dynel
,dynes
,dzhos
,eagre
,ealed
,eales
,eaned
,eards
,eared
,earls
,earns
,earnt
,earst
,eased
,easer
,eases
,easle
,easts
,eathe
,eaved
,eaves
,ebbed
,ebbet
,ebons
,ebook
,ecads
,eched
,eches
,echos
,ecrus
,edema
,edged
,edger
,edges
,edile
,edits
,educe
,educt
,eejit
,eensy
,eeven
,eevns
,effed
,egads
,egers
,egest
,eggar
,egged
,egger
,egmas
,ehing
,eider
,eidos
,eigne
,eiked
,eikon
,eilds
,eisel
,ejido
,ekkas
,elain
,eland
,elans
,elchi
,eldin
,elemi
,elfed
,eliad
,elint
,elmen
,eloge
,elogy
,eloin
,elops
,elpee
,elsin
,elute
,elvan
,elven
,elver
,elves
,emacs
,embar
,embay
,embog
,embow
,embox
,embus
,emeer
,emend
,emerg
,emery
,emeus
,emics
,emirs
,emits
,emmas
,emmer
,emmet
,emmew
,emmys
,emoji
,emong
,emote
,emove
,empts
,emule
,emure
,emyde
,emyds
,enarm
,enate
,ended
,ender
,endew
,endue
,enews
,enfix
,eniac
,enlit
,enmew
,ennog
,enoki
,enols
,enorm
,enows
,enrol
,ensew
,ensky
,entia
,enure
,enurn
,envoi
,enzym
,eorls
,eosin
,epact
,epees
,ephah
,ephas
,ephod
,ephor
,epics
,epode
,epopt
,epris
,eques
,equid
,erbia
,erevs
,ergon
,ergos
,ergot
,erhus
,erica
,erick
,erics
,ering
,erned
,ernes
,erose
,erred
,erses
,eruct
,erugo
,eruvs
,erven
,ervil
,escar
,escot
,esile
,eskar
,esker
,esnes
,esses
,estoc
,estop
,estro
,etage
,etape
,etats
,etens
,ethal
,ethne
,ethyl
,etics
,etnas
,ettin
,ettle
,etuis
,etwee
,etyma
,eughs
,euked
,eupad
,euros
,eusol
,evens
,evert
,evets
,evhoe
,evils
,evite
,evohe
,ewers
,ewest
,ewhow
,ewked
,exams
,exeat
,execs
,exeem
,exeme
,exfil
,exies
,exine
,exing
,exits
,exode
,exome
,exons
,expat
,expos
,exude
,exuls
,exurb
,eyass
,eyers
,eyots
,eyras
,eyres
,eyrie
,eyrir
,ezine
,fabby
,faced
,facer
,faces
,facia
,facta
,facts
,faddy
,faded
,fader
,fades
,fadge
,fados
,faena
,faery
,faffs
,faffy
,faggy
,fagin
,fagot
,faiks
,fails
,faine
,fains
,fairs
,faked
,faker
,fakes
,fakey
,fakie
,fakir
,falaj
,falls
,famed
,fames
,fanal
,fands
,fanes
,fanga
,fango
,fangs
,fanks
,fanon
,fanos
,fanum
,faqir
,farad
,farci
,farcy
,fards
,fared
,farer
,fares
,farle
,farls
,farms
,faros
,farro
,farse
,farts
,fasci
,fasti
,fasts
,fated
,fates
,fatly
,fatso
,fatwa
,faugh
,fauld
,fauns
,faurd
,fauts
,fauve
,favas
,favel
,faver
,faves
,favus
,fawns
,fawny
,faxed
,faxes
,fayed
,fayer
,fayne
,fayre
,fazed
,fazes
,feals
,feare
,fears
,feart
,fease
,feats
,feaze
,feces
,fecht
,fecit
,fecks
,fedex
,feebs
,feeds
,feels
,feens
,feers
,feese
,feeze
,fehme
,feint
,feist
,felch
,felid
,fells
,felly
,felts
,felty
,femal
,femes
,femmy
,fends
,fendy
,fenis
,fenks
,fenny
,fents
,feods
,feoff
,ferer
,feres
,feria
,ferly
,fermi
,ferms
,ferns
,ferny
,fesse
,festa
,fests
,festy
,fetas
,feted
,fetes
,fetor
,fetta
,fetts
,fetwa
,feuar
,feuds
,feued
,feyed
,feyer
,feyly
,fezes
,fezzy
,fiars
,fiats
,fibro
,fices
,fiche
,fichu
,ficin
,ficos
,fides
,fidge
,fidos
,fiefs
,fient
,fiere
,fiers
,fiest
,fifed
,fifer
,fifes
,fifis
,figgy
,figos
,fiked
,fikes
,filar
,filch
,filed
,files
,filii
,filks
,fille
,fillo
,fills
,filmi
,films
,filos
,filum
,finca
,finds
,fined
,fines
,finis
,finks
,finny
,finos
,fiord
,fiqhs
,fique
,fired
,firer
,fires
,firie
,firks
,firms
,firns
,firry
,firth
,fiscs
,fisks
,fists
,fisty
,fitch
,fitly
,fitna
,fitte
,fitts
,fiver
,fives
,fixed
,fixes
,fixit
,fjeld
,flabs
,flaff
,flags
,flaks
,flamm
,flams
,flamy
,flane
,flans
,flaps
,flary
,flats
,flava
,flawn
,flaws
,flawy
,flaxy
,flays
,fleam
,fleas
,fleek
,fleer
,flees
,flegs
,fleme
,fleur
,flews
,flexi
,flexo
,fleys
,flics
,flied
,flies
,flimp
,flims
,flips
,flirs
,flisk
,flite
,flits
,flitt
,flobs
,flocs
,floes
,flogs
,flong
,flops
,flors
,flory
,flosh
,flota
,flote
,flows
,flubs
,flued
,flues
,fluey
,fluky
,flump
,fluor
,flurr
,fluty
,fluyt
,flyby
,flype
,flyte
,foals
,foams
,foehn
,fogey
,fogie
,fogle
,fogou
,fohns
,foids
,foils
,foins
,folds
,foley
,folia
,folic
,folie
,folks
,folky
,fomes
,fonda
,fonds
,fondu
,fones
,fonly
,fonts
,foods
,foody
,fools
,foots
,footy
,foram
,forbs
,forby
,fordo
,fords
,forel
,fores
,forex
,forks
,forky
,forme
,forms
,forts
,forza
,forze
,fossa
,fosse
,fouat
,fouds
,fouer
,fouet
,foule
,fouls
,fount
,fours
,fouth
,fovea
,fowls
,fowth
,foxed
,foxes
,foxie
,foyle
,foyne
,frabs
,frack
,fract
,frags
,fraim
,franc
,frape
,fraps
,frass
,frate
,frati
,frats
,fraus
,frays
,frees
,freet
,freit
,fremd
,frena
,freon
,frere
,frets
,fribs
,frier
,fries
,frigs
,frise
,frist
,frith
,frits
,fritt
,frize
,frizz
,froes
,frogs
,frons
,frore
,frorn
,frory
,frosh
,frows
,frowy
,frugs
,frump
,frush
,frust
,fryer
,fubar
,fubby
,fubsy
,fucks
,fucus
,fuddy
,fudgy
,fuels
,fuero
,fuffs
,fuffy
,fugal
,fuggy
,fugie
,fugio
,fugle
,fugly
,fugus
,fujis
,fulls
,fumed
,fumer
,fumes
,fumet
,fundi
,funds
,fundy
,fungo
,fungs
,funks
,fural
,furan
,furca
,furls
,furol
,furrs
,furth
,furze
,furzy
,fused
,fusee
,fusel
,fuses
,fusil
,fusks
,fusts
,fusty
,futon
,fuzed
,fuzee
,fuzes
,fuzil
,fyces
,fyked
,fykes
,fyles
,fyrds
,fytte
,gabba
,gabby
,gable
,gaddi
,gades
,gadge
,gadid
,gadis
,gadje
,gadjo
,gadso
,gaffs
,gaged
,gager
,gages
,gaids
,gains
,gairs
,gaita
,gaits
,gaitt
,gajos
,galah
,galas
,galax
,galea
,galed
,gales
,galls
,gally
,galop
,galut
,galvo
,gamas
,gamay
,gamba
,gambe
,gambo
,gambs
,gamed
,games
,gamey
,gamic
,gamin
,gamme
,gammy
,gamps
,ganch
,gandy
,ganef
,ganev
,gangs
,ganja
,ganof
,gants
,gaols
,gaped
,gaper
,gapes
,gapos
,gappy
,garbe
,garbo
,garbs
,garda
,gares
,garis
,garms
,garni
,garre
,garth
,garum
,gases
,gasps
,gaspy
,gasts
,gatch
,gated
,gater
,gates
,gaths
,gator
,gauch
,gaucy
,gauds
,gauje
,gault
,gaums
,gaumy
,gaups
,gaurs
,gauss
,gauzy
,gavot
,gawcy
,gawds
,gawks
,gawps
,gawsy
,gayal
,gazal
,gazar
,gazed
,gazes
,gazon
,gazoo
,geals
,geans
,geare
,gears
,geats
,gebur
,gecks
,geeks
,geeps
,geest
,geist
,geits
,gelds
,gelee
,gelid
,gelly
,gelts
,gemel
,gemma
,gemmy
,gemot
,genal
,genas
,genes
,genet
,genic
,genii
,genip
,genny
,genoa
,genom
,genro
,gents
,genty
,genua
,genus
,geode
,geoid
,gerah
,gerbe
,geres
,gerle
,germs
,germy
,gerne
,gesse
,gesso
,geste
,gests
,getas
,getup
,geums
,geyan
,geyer
,ghast
,ghats
,ghaut
,ghazi
,ghees
,ghest
,ghyll
,gibed
,gibel
,giber
,gibes
,gibli
,gibus
,gifts
,gigas
,gighe
,gigot
,gigue
,gilas
,gilds
,gilet
,gills
,gilly
,gilpy
,gilts
,gimel
,gimme
,gimps
,gimpy
,ginch
,ginge
,gings
,ginks
,ginny
,ginzo
,gipon
,gippo
,gippy
,girds
,girls
,girns
,giron
,giros
,girrs
,girsh
,girts
,gismo
,gisms
,gists
,gitch
,gites
,giust
,gived
,gives
,gizmo
,glace
,glads
,glady
,glaik
,glair
,glams
,glans
,glary
,glaum
,glaur
,glazy
,gleba
,glebe
,gleby
,glede
,gleds
,gleed
,gleek
,glees
,gleet
,gleis
,glens
,glent
,gleys
,glial
,glias
,glibs
,gliff
,glift
,glike
,glime
,glims
,glisk
,glits
,glitz
,gloam
,globi
,globs
,globy
,glode
,glogg
,gloms
,gloop
,glops
,glost
,glout
,glows
,gloze
,glued
,gluer
,glues
,gluey
,glugs
,glume
,glums
,gluon
,glute
,gluts
,gnarl
,gnarr
,gnars
,gnats
,gnawn
,gnaws
,gnows
,goads
,goafs
,goals
,goary
,goats
,goaty
,goban
,gobar
,gobbi
,gobbo
,gobby
,gobis
,gobos
,godet
,godso
,goels
,goers
,goest
,goeth
,goety
,gofer
,goffs
,gogga
,gogos
,goier
,gojis
,golds
,goldy
,goles
,golfs
,golpe
,golps
,gombo
,gomer
,gompa
,gonch
,gonef
,gongs
,gonia
,gonif
,gonks
,gonna
,gonof
,gonys
,gonzo
,gooby
,goods
,goofs
,googs
,gooks
,gooky
,goold
,gools
,gooly
,goons
,goony
,goops
,goopy
,goors
,goory
,goosy
,gopak
,gopik
,goral
,goras
,gored
,gores
,goris
,gorms
,gormy
,gorps
,gorse
,gorsy
,gosht
,gosse
,gotch
,goths
,gothy
,gotta
,gouch
,gouks
,goura
,gouts
,gouty
,gowan
,gowds
,gowfs
,gowks
,gowls
,gowns
,goxes
,goyim
,goyle
,graal
,grabs
,grads
,graff
,graip
,grama
,grame
,gramp
,grams
,grana
,grans
,grapy
,gravs
,grays
,grebe
,grebo
,grece
,greek
,grees
,grege
,grego
,grein
,grens
,grese
,greve
,grews
,greys
,grice
,gride
,grids
,griff
,grift
,grigs
,grike
,grins
,griot
,grips
,gript
,gripy
,grise
,grist
,grisy
,grith
,grits
,grize
,groat
,grody
,grogs
,groks
,groma
,grone
,groof
,grosz
,grots
,grouf
,grovy
,grows
,grrls
,grrrl
,grubs
,grued
,grues
,grufe
,grume
,grump
,grund
,gryce
,gryde
,gryke
,grype
,grypt
,guaco
,guana
,guano
,guans
,guars
,gucks
,gucky
,gudes
,guffs
,gugas
,guids
,guimp
,guiro
,gulag
,gular
,gulas
,gules
,gulet
,gulfs
,gulfy
,gulls
,gulph
,gulps
,gulpy
,gumma
,gummi
,gumps
,gundy
,gunge
,gungy
,gunks
,gunky
,gunny
,guqin
,gurdy
,gurge
,gurls
,gurly
,gurns
,gurry
,gursh
,gurus
,gushy
,gusla
,gusle
,gusli
,gussy
,gusts
,gutsy
,gutta
,gutty
,guyed
,guyle
,guyot
,guyse
,gwine
,gyals
,gyans
,gybed
,gybes
,gyeld
,gymps
,gynae
,gynie
,gynny
,gynos
,gyoza
,gypos
,gyppo
,gyppy
,gyral
,gyred
,gyres
,gyron
,gyros
,gyrus
,gytes
,gyved
,gyves
,haafs
,haars
,hable
,habus
,hacek
,hacks
,hadal
,haded
,hades
,hadji
,hadst
,haems
,haets
,haffs
,hafiz
,hafts
,haggs
,hahas
,haick
,haika
,haiks
,haiku
,hails
,haily
,hains
,haint
,hairs
,haith
,hajes
,hajis
,hajji
,hakam
,hakas
,hakea
,hakes
,hakim
,hakus
,halal
,haled
,haler
,hales
,halfa
,halfs
,halid
,hallo
,halls
,halma
,halms
,halon
,halos
,halse
,halts
,halva
,halwa
,hamal
,hamba
,hamed
,hames
,hammy
,hamza
,hanap
,hance
,hanch
,hands
,hangi
,hangs
,hanks
,hanky
,hansa
,hanse
,hants
,haole
,haoma
,hapax
,haply
,happi
,hapus
,haram
,hards
,hared
,hares
,harim
,harks
,harls
,harms
,harns
,haros
,harps
,harts
,hashy
,hasks
,hasps
,hasta
,hated
,hates
,hatha
,hauds
,haufs
,haugh
,hauld
,haulm
,hauls
,hault
,hauns
,hause
,haver
,haves
,hawed
,hawks
,hawms
,hawse
,hayed
,hayer
,hayey
,hayle
,hazan
,hazed
,hazer
,hazes
,heads
,heald
,heals
,heame
,heaps
,heapy
,heare
,hears
,heast
,heats
,heben
,hebes
,hecht
,hecks
,heder
,hedgy
,heeds
,heedy
,heels
,heeze
,hefte
,hefts
,heids
,heigh
,heils
,heirs
,hejab
,hejra
,heled
,heles
,helio
,hells
,helms
,helos
,helot
,helps
,helve
,hemal
,hemes
,hemic
,hemin
,hemps
,hempy
,hench
,hends
,henge
,henna
,henny
,henry
,hents
,hepar
,herbs
,herby
,herds
,heres
,herls
,herma
,herms
,herns
,heros
,herry
,herse
,hertz
,herye
,hesps
,hests
,hetes
,heths
,heuch
,heugh
,hevea
,hewed
,hewer
,hewgh
,hexad
,hexed
,hexer
,hexes
,hexyl
,heyed
,hiant
,hicks
,hided
,hider
,hides
,hiems
,highs
,hight
,hijab
,hijra
,hiked
,hiker
,hikes
,hikoi
,hilar
,hilch
,hillo
,hills
,hilts
,hilum
,hilus
,himbo
,hinau
,hinds
,hings
,hinky
,hinny
,hints
,hiois
,hiply
,hired
,hiree
,hirer
,hires
,hissy
,hists
,hithe
,hived
,hiver
,hives
,hizen
,hoaed
,hoagy
,hoars
,hoary
,hoast
,hobos
,hocks
,hocus
,hodad
,hodja
,hoers
,hogan
,hogen
,hoggs
,hoghs
,hohed
,hoick
,hoied
,hoiks
,hoing
,hoise
,hokas
,hoked
,hokes
,hokey
,hokis
,hokku
,hokum
,holds
,holed
,holes
,holey
,holks
,holla
,hollo
,holme
,holms
,holon
,holos
,holts
,homas
,homed
,homes
,homey
,homie
,homme
,homos
,honan
,honda
,honds
,honed
,honer
,hones
,hongi
,hongs
,honks
,honky
,hooch
,hoods
,hoody
,hooey
,hoofs
,hooka
,hooks
,hooky
,hooly
,hoons
,hoops
,hoord
,hoors
,hoosh
,hoots
,hooty
,hoove
,hopak
,hoped
,hoper
,hopes
,hoppy
,horah
,horal
,horas
,horis
,horks
,horme
,horns
,horst
,horsy
,hosed
,hosel
,hosen
,hoser
,hoses
,hosey
,hosta
,hosts
,hotch
,hoten
,hotty
,houff
,houfs
,hough
,houri
,hours
,houts
,hovea
,hoved
,hoven
,hoves
,howbe
,howes
,howff
,howfs
,howks
,howls
,howre
,howso
,hoxed
,hoxes
,hoyas
,hoyed
,hoyle
,hubby
,hucks
,hudna
,hudud
,huers
,huffs
,huffy
,huger
,huggy
,huhus
,huias
,hulas
,hules
,hulks
,hulky
,hullo
,hulls
,hully
,humas
,humfs
,humic
,humps
,humpy
,hunks
,hunts
,hurds
,hurls
,hurly
,hurra
,hurst
,hurts
,hushy
,husks
,husos
,hutia
,huzza
,huzzy
,hwyls
,hydra
,hyens
,hygge
,hying
,hykes
,hylas
,hyleg
,hyles
,hylic
,hymns
,hynde
,hyoid
,hyped
,hypes
,hypha
,hyphy
,hypos
,hyrax
,hyson
,hythe
,iambi
,iambs
,ibrik
,icers
,iched
,iches
,ichor
,icier
,icker
,ickle
,icons
,ictal
,ictic
,ictus
,idant
,ideas
,idees
,ident
,idled
,idles
,idola
,idols
,idyls
,iftar
,igapo
,igged
,iglus
,ihram
,ikans
,ikats
,ikons
,ileac
,ileal
,ileum
,ileus
,iliad
,ilial
,ilium
,iller
,illth
,imago
,imams
,imari
,imaum
,imbar
,imbed
,imide
,imido
,imids
,imine
,imino
,immew
,immit
,immix
,imped
,impis
,impot
,impro
,imshi
,imshy
,inapt
,inarm
,inbye
,incel
,incle
,incog
,incus
,incut
,indew
,india
,indie
,indol
,indow
,indri
,indue
,inerm
,infix
,infos
,infra
,ingan
,ingle
,inion
,inked
,inker
,inkle
,inned
,innit
,inorb
,inrun
,inset
,inspo
,intel
,intil
,intis
,intra
,inula
,inure
,inurn
,inust
,invar
,inwit
,iodic
,iodid
,iodin
,iotas
,ippon
,irade
,irids
,iring
,irked
,iroko
,irone
,irons
,isbas
,ishes
,isled
,isles
,isnae
,issei
,istle
,items
,ither
,ivied
,ivies
,ixias
,ixnay
,ixora
,ixtle
,izard
,izars
,izzat
,jaaps
,jabot
,jacal
,jacks
,jacky
,jaded
,jades
,jafas
,jaffa
,jagas
,jager
,jaggs
,jaggy
,jagir
,jagra
,jails
,jaker
,jakes
,jakey
,jalap
,jalop
,jambe
,jambo
,jambs
,jambu
,james
,jammy
,jamon
,janes
,janns
,janny
,janty
,japan
,japed
,japer
,japes
,jarks
,jarls
,jarps
,jarta
,jarul
,jasey
,jaspe
,jasps
,jatos
,jauks
,jaups
,javas
,javel
,jawan
,jawed
,jaxie
,jeans
,jeats
,jebel
,jedis
,jeels
,jeely
,jeeps
,jeers
,jeeze
,jefes
,jeffs
,jehad
,jehus
,jelab
,jello
,jells
,jembe
,jemmy
,jenny
,jeons
,jerid
,jerks
,jerry
,jesse
,jests
,jesus
,jetes
,jeton
,jeune
,jewed
,jewie
,jhala
,jiaos
,jibba
,jibbs
,jibed
,jiber
,jibes
,jiffs
,jiggy
,jigot
,jihad
,jills
,jilts
,jimmy
,jimpy
,jingo
,jinks
,jinne
,jinni
,jinns
,jirds
,jirga
,jirre
,jisms
,jived
,jiver
,jives
,jivey
,jnana
,jobed
,jobes
,jocko
,jocks
,jocky
,jocos
,jodel
,joeys
,johns
,joins
,joked
,jokes
,jokey
,jokol
,joled
,joles
,jolls
,jolts
,jolty
,jomon
,jomos
,jones
,jongs
,jonty
,jooks
,joram
,jorum
,jotas
,jotty
,jotun
,joual
,jougs
,jouks
,joule
,jours
,jowar
,jowed
,jowls
,jowly
,joyed
,jubas
,jubes
,jucos
,judas
,judgy
,judos
,jugal
,jugum
,jujus
,juked
,jukes
,jukus
,julep
,jumar
,jumby
,jumps
,junco
,junks
,junky
,jupes
,jupon
,jural
,jurat
,jurel
,jures
,justs
,jutes
,jutty
,juves
,juvie
,kaama
,kabab
,kabar
,kabob
,kacha
,kacks
,kadai
,kades
,kadis
,kafir
,kagos
,kagus
,kahal
,kaiak
,kaids
,kaies
,kaifs
,kaika
,kaiks
,kails
,kaims
,kaing
,kains
,kakas
,kakis
,kalam
,kales
,kalif
,kalis
,kalpa
,kamas
,kames
,kamik
,kamis
,kamme
,kanae
,kanas
,kandy
,kaneh
,kanes
,kanga
,kangs
,kanji
,kants
,kanzu
,kaons
,kapas
,kaphs
,kapok
,kapow
,kapus
,kaput
,karas
,karat
,karks
,karns
,karoo
,karos
,karri
,karst
,karsy
,karts
,karzy
,kasha
,kasme
,katal
,katas
,katis
,katti
,kaugh
,kauri
,kauru
,kaury
,kaval
,kavas
,kawas
,kawau
,kawed
,kayle
,kayos
,kazis
,kazoo
,kbars
,kebar
,kebob
,kecks
,kedge
,kedgy
,keech
,keefs
,keeks
,keels
,keema
,keeno
,keens
,keeps
,keets
,keeve
,kefir
,kehua
,keirs
,kelep
,kelim
,kells
,kelly
,kelps
,kelpy
,kelts
,kelty
,kembo
,kembs
,kemps
,kempt
,kempy
,kenaf
,kench
,kendo
,kenos
,kente
,kents
,kepis
,kerbs
,kerel
,kerfs
,kerky
,kerma
,kerne
,kerns
,keros
,kerry
,kerve
,kesar
,kests
,ketas
,ketch
,ketes
,ketol
,kevel
,kevil
,kexes
,keyed
,keyer
,khadi
,khafs
,khans
,khaph
,khats
,khaya
,khazi
,kheda
,kheth
,khets
,khoja
,khors
,khoum
,khuds
,kiaat
,kiack
,kiang
,kibbe
,kibbi
,kibei
,kibes
,kibla
,kicks
,kicky
,kiddo
,kiddy
,kidel
,kidge
,kiefs
,kiers
,kieve
,kievs
,kight
,kikes
,kikoi
,kiley
,kilim
,kills
,kilns
,kilos
,kilps
,kilts
,kilty
,kimbo
,kinas
,kinda
,kinds
,kindy
,kines
,kings
,kinin
,kinks
,kinos
,kiore
,kipes
,kippa
,kipps
,kirby
,kirks
,kirns
,kirri
,kisan
,kissy
,kists
,kited
,kiter
,kites
,kithe
,kiths
,kitul
,kivas
,kiwis
,klang
,klaps
,klett
,klick
,klieg
,kliks
,klong
,kloof
,kluge
,klutz
,knags
,knaps
,knarl
,knars
,knaur
,knawe
,knees
,knell
,knish
,knits
,knive
,knobs
,knops
,knosp
,knots
,knout
,knowe
,knows
,knubs
,knurl
,knurr
,knurs
,knuts
,koans
,koaps
,koban
,kobos
,koels
,koffs
,kofta
,kogal
,kohas
,kohen
,kohls
,koine
,kojis
,kokam
,kokas
,koker
,kokra
,kokum
,kolas
,kolos
,kombu
,konbu
,kondo
,konks
,kooks
,kooky
,koori
,kopek
,kophs
,kopje
,koppa
,korai
,koras
,korat
,kores
,korma
,koros
,korun
,korus
,koses
,kotch
,kotos
,kotow
,koura
,kraal
,krabs
,kraft
,krais
,krait
,krang
,krans
,kranz
,kraut
,krays
,kreep
,kreng
,krewe
,krona
,krone
,kroon
,krubi
,krunk
,ksars
,kubie
,kudos
,kudus
,kudzu
,kufis
,kugel
,kuias
,kukri
,kukus
,kulak
,kulan
,kulas
,kulfi
,kumis
,kumys
,kuris
,kurre
,kurta
,kurus
,kusso
,kutas
,kutch
,kutis
,kutus
,kuzus
,kvass
,kvell
,kwela
,kyack
,kyaks
,kyang
,kyars
,kyats
,kybos
,kydst
,kyles
,kylie
,kylin
,kylix
,kyloe
,kynde
,kynds
,kypes
,kyrie
,kytes
,kythe
,laari
,labda
,labia
,labis
,labra
,laced
,lacer
,laces
,lacet
,lacey
,lacks
,laddy
,laded
,lader
,lades
,laers
,laevo
,lagan
,lahal
,lahar
,laich
,laics
,laids
,laigh
,laika
,laiks
,laird
,lairs
,lairy
,laith
,laity
,laked
,laker
,lakes
,lakhs
,lakin
,laksa
,laldy
,lalls
,lamas
,lambs
,lamby
,lamed
,lamer
,lames
,lamia
,lammy
,lamps
,lanai
,lanas
,lanch
,lande
,lands
,lanes
,lanks
,lants
,lapin
,lapis
,lapje
,larch
,lards
,lardy
,laree
,lares
,largo
,laris
,larks
,larky
,larns
,larnt
,larum
,lased
,laser
,lases
,lassi
,lassu
,lassy
,lasts
,latah
,lated
,laten
,latex
,lathi
,laths
,lathy
,latke
,latus
,lauan
,lauch
,lauds
,laufs
,laund
,laura
,laval
,lavas
,laved
,laver
,laves
,lavra
,lavvy
,lawed
,lawer
,lawin
,lawks
,lawns
,lawny
,laxed
,laxer
,laxes
,laxly
,layed
,layin
,layup
,lazar
,lazed
,lazes
,lazos
,lazzi
,lazzo
,leads
,leady
,leafs
,leaks
,leams
,leans
,leany
,leaps
,leare
,lears
,leary
,leats
,leavy
,leaze
,leben
,leccy
,ledes
,ledgy
,ledum
,leear
,leeks
,leeps
,leers
,leese
,leets
,leeze
,lefte
,lefts
,leger
,leges
,legge
,leggo
,legit
,lehrs
,lehua
,leirs
,leish
,leman
,lemed
,lemel
,lemes
,lemma
,lemme
,lends
,lenes
,lengs
,lenis
,lenos
,lense
,lenti
,lento
,leone
,lepid
,lepra
,lepta
,lered
,leres
,lerps
,lesbo
,leses
,lests
,letch
,lethe
,letup
,leuch
,leuco
,leuds
,leugh
,levas
,levee
,leves
,levin
,levis
,lewis
,lexes
,lexis
,lezes
,lezza
,lezzy
,liana
,liane
,liang
,liard
,liars
,liart
,liber
,libra
,libri
,lichi
,licht
,licit
,licks
,lidar
,lidos
,liefs
,liens
,liers
,lieus
,lieve
,lifer
,lifes
,lifts
,ligan
,liger
,ligge
,ligne
,liked
,liker
,likes
,likin
,lills
,lilos
,lilts
,liman
,limas
,limax
,limba
,limbi
,limbs
,limby
,limed
,limen
,limes
,limey
,limma
,limns
,limos
,limpa
,limps
,linac
,linch
,linds
,lindy
,lined
,lines
,liney
,linga
,lings
,lingy
,linin
,links
,linky
,linns
,linny
,linos
,lints
,linty
,linum
,linux
,lions
,lipas
,lipes
,lipin
,lipos
,lippy
,liras
,lirks
,lirot
,lisks
,lisle
,lisps
,lists
,litai
,litas
,lited
,liter
,lites
,litho
,liths
,litre
,lived
,liven
,lives
,livor
,livre
,llano
,loach
,loads
,loafs
,loams
,loans
,loast
,loave
,lobar
,lobed
,lobes
,lobos
,lobus
,loche
,lochs
,locie
,locis
,locks
,locos
,locum
,loden
,lodes
,loess
,lofts
,logan
,loges
,loggy
,logia
,logie
,logoi
,logon
,logos
,lohan
,loids
,loins
,loipe
,loirs
,lokes
,lolls
,lolly
,lolog
,lomas
,lomed
,lomes
,loner
,longa
,longe
,longs
,looby
,looed
,looey
,loofa
,loofs
,looie
,looks
,looky
,looms
,loons
,loony
,loops
,loord
,loots
,loped
,loper
,lopes
,loppy
,loral
,loran
,lords
,lordy
,lorel
,lores
,loric
,loris
,losed
,losel
,losen
,loses
,lossy
,lotah
,lotas
,lotes
,lotic
,lotos
,lotsa
,lotta
,lotte
,lotto
,lotus
,loued
,lough
,louie
,louis
,louma
,lound
,louns
,loupe
,loups
,loure
,lours
,loury
,louts
,lovat
,loved
,loves
,lovey
,lovie
,lowan
,lowed
,lowes
,lownd
,lowne
,lowns
,lowps
,lowry
,lowse
,lowts
,loxed
,loxes
,lozen
,luach
,luaus
,lubed
,lubes
,lubra
,luces
,lucks
,lucre
,ludes
,ludic
,ludos
,luffa
,luffs
,luged
,luger
,luges
,lulls
,lulus
,lumas
,lumbi
,lumme
,lummy
,lumps
,lunas
,lunes
,lunet
,lungi
,lungs
,lunks
,lunts
,lupin
,lured
,lurer
,lures
,lurex
,lurgi
,lurgy
,lurks
,lurry
,lurve
,luser
,lushy
,lusks
,lusts
,lusus
,lutea
,luted
,luter
,lutes
,luvvy
,luxed
,luxer
,luxes
,lweis
,lyams
,lyard
,lyart
,lyase
,lycea
,lycee
,lycra
,lymes
,lynes
,lyres
,lysed
,lyses
,lysin
,lysis
,lysol
,lyssa
,lyted
,lytes
,lythe
,lytic
,lytta
,maaed
,maare
,maars
,mabes
,macas
,maced
,macer
,maces
,mache
,machi
,machs
,macks
,macle
,macon
,madge
,madid
,madre
,maerl
,mafic
,mages
,maggs
,magot
,magus
,mahoe
,mahua
,mahwa
,maids
,maiko
,maiks
,maile
,maill
,mails
,maims
,mains
,maire
,mairs
,maise
,maist
,makar
,makes
,makis
,makos
,malam
,malar
,malas
,malax
,males
,malic
,malik
,malis
,malls
,malms
,malmy
,malts
,malty
,malus
,malva
,malwa
,mamas
,mamba
,mamee
,mamey
,mamie
,manas
,manat
,mandi
,maneb
,maned
,maneh
,manes
,manet
,mangs
,manis
,manky
,manna
,manos
,manse
,manta
,manto
,manty
,manul
,manus
,mapau
,maqui
,marae
,marah
,maras
,marcs
,mardy
,mares
,marge
,margs
,maria
,marid
,marka
,marks
,marle
,marls
,marly
,marms
,maron
,maror
,marra
,marri
,marse
,marts
,marvy
,masas
,mased
,maser
,mases
,mashy
,masks
,massa
,massy
,masts
,masty
,masus
,matai
,mated
,mater
,mates
,maths
,matin
,matlo
,matte
,matts
,matza
,matzo
,mauby
,mauds
,mauls
,maund
,mauri
,mausy
,mauts
,mauzy
,maven
,mavie
,mavin
,mavis
,mawed
,mawks
,mawky
,mawns
,mawrs
,maxed
,maxes
,maxis
,mayan
,mayas
,mayed
,mayos
,mayst
,mazed
,mazer
,mazes
,mazey
,mazut
,mbira
,meads
,meals
,meane
,means
,meany
,meare
,mease
,meath
,meats
,mebos
,mechs
,mecks
,medii
,medle
,meeds
,meers
,meets
,meffs
,meins
,meint
,meiny
,meith
,mekka
,melas
,melba
,melds
,melic
,melik
,mells
,melts
,melty
,memes
,memos
,menad
,mends
,mened
,menes
,menge
,mengs
,mensa
,mense
,mensh
,menta
,mento
,menus
,meous
,meows
,merch
,mercs
,merde
,mered
,merel
,merer
,meres
,meril
,meris
,merks
,merle
,merls
,merse
,mesal
,mesas
,mesel
,meses
,meshy
,mesic
,mesne
,meson
,messy
,mesto
,meted
,metes
,metho
,meths
,metic
,metif
,metis
,metol
,metre
,meuse
,meved
,meves
,mewed
,mewls
,meynt
,mezes
,mezze
,mezzo
,mhorr
,miaou
,miaow
,miasm
,miaul
,micas
,miche
,micht
,micks
,micky
,micos
,micra
,middy
,midgy
,midis
,miens
,mieve
,miffs
,miffy
,mifty
,miggs
,mihas
,mihis
,miked
,mikes
,mikra
,mikva
,milch
,milds
,miler
,miles
,milfs
,milia
,milko
,milks
,mille
,mills
,milor
,milos
,milpa
,milts
,milty
,miltz
,mimed
,mimeo
,mimer
,mimes
,mimsy
,minae
,minar
,minas
,mincy
,minds
,mined
,mines
,minge
,mings
,mingy
,minis
,minke
,minks
,minny
,minos
,mints
,mired
,mires
,mirex
,mirid
,mirin
,mirks
,mirky
,mirly
,miros
,mirvs
,mirza
,misch
,misdo
,mises
,misgo
,misos
,missa
,mists
,misty
,mitch
,miter
,mites
,mitis
,mitre
,mitts
,mixed
,mixen
,mixer
,mixes
,mixte
,mixup
,mizen
,mizzy
,mneme
,moans
,moats
,mobby
,mobes
,mobey
,mobie
,moble
,mochi
,mochs
,mochy
,mocks
,moder
,modes
,modge
,modii
,modus
,moers
,mofos
,moggy
,mohel
,mohos
,mohrs
,mohua
,mohur
,moile
,moils
,moira
,moire
,moits
,mojos
,mokes
,mokis
,mokos
,molal
,molas
,molds
,moled
,moles
,molla
,molls
,molly
,molto
,molts
,molys
,momes
,momma
,mommy
,momus
,monad
,monal
,monas
,monde
,mondo
,moner
,mongo
,mongs
,monic
,monie
,monks
,monos
,monte
,monty
,moobs
,mooch
,moods
,mooed
,mooks
,moola
,mooli
,mools
,mooly
,moong
,moons
,moony
,moops
,moors
,moory
,moots
,moove
,moped
,moper
,mopes
,mopey
,moppy
,mopsy
,mopus
,morae
,moras
,morat
,moray
,morel
,mores
,moria
,morne
,morns
,morra
,morro
,morse
,morts
,mosed
,moses
,mosey
,mosks
,mosso
,moste
,mosts
,moted
,moten
,motes
,motet
,motey
,moths
,mothy
,motis
,motte
,motts
,motty
,motus
,motza
,mouch
,moues
,mould
,mouls
,moups
,moust
,mousy
,moved
,moves
,mowas
,mowed
,mowra
,moxas
,moxie
,moyas
,moyle
,moyls
,mozed
,mozes
,mozos
,mpret
,mucho
,mucic
,mucid
,mucin
,mucks
,mucor
,mucro
,mudge
,mudir
,mudra
,muffs
,mufti
,mugga
,muggs
,muggy
,muhly
,muids
,muils
,muirs
,muist
,mujik
,mulct
,muled
,mules
,muley
,mulga
,mulie
,mulla
,mulls
,mulse
,mulsh
,mumms
,mumps
,mumsy
,mumus
,munga
,munge
,mungo
,mungs
,munis
,munts
,muntu
,muons
,muras
,mured
,mures
,murex
,murid
,murks
,murls
,murly
,murra
,murre
,murri
,murrs
,murry
,murti
,murva
,musar
,musca
,mused
,muser
,muses
,muset
,musha
,musit
,musks
,musos
,musse
,mussy
,musth
,musts
,mutch
,muted
,muter
,mutes
,mutha
,mutis
,muton
,mutts
,muxed
,muxes
,muzak
,muzzy
,mvule
,myall
,mylar
,mynah
,mynas
,myoid
,myoma
,myope
,myops
,myopy
,mysid
,mythi
,myths
,mythy
,myxos
,mzees
,naams
,naans
,nabes
,nabis
,nabks
,nabla
,nabob
,nache
,nacho
,nacre
,nadas
,naeve
,naevi
,naffs
,nagas
,naggy
,nagor
,nahal
,naiad
,naifs
,naiks
,nails
,naira
,nairu
,naked
,naker
,nakfa
,nalas
,naled
,nalla
,named
,namer
,names
,namma
,namus
,nanas
,nance
,nancy
,nandu
,nanna
,nanos
,nanua
,napas
,naped
,napes
,napoo
,nappa
,nappe
,nappy
,naras
,narco
,narcs
,nards
,nares
,naric
,naris
,narks
,narky
,narre
,nashi
,natch
,nates
,natis
,natty
,nauch
,naunt
,navar
,naves
,navew
,navvy
,nawab
,nazes
,nazir
,nazis
,nduja
,neafe
,neals
,neaps
,nears
,neath
,neats
,nebek
,nebel
,necks
,neddy
,needs
,neeld
,neele
,neemb
,neems
,neeps
,neese
,neeze
,negro
,negus
,neifs
,neist
,neive
,nelis
,nelly
,nemas
,nemns
,nempt
,nenes
,neons
,neper
,nepit
,neral
,nerds
,nerka
,nerks
,nerol
,nerts
,nertz
,nervy
,nests
,netes
,netop
,netts
,netty
,neuks
,neume
,neums
,nevel
,neves
,nevus
,newbs
,newed
,newel
,newie
,newsy
,newts
,nexts
,nexus
,ngaio
,ngana
,ngati
,ngoma
,ngwee
,nicad
,nicht
,nicks
,nicol
,nidal
,nided
,nides
,nidor
,nidus
,niefs
,nieve
,nifes
,niffs
,niffy
,nifty
,niger
,nighs
,nihil
,nikab
,nikah
,nikau
,nills
,nimbi
,nimbs
,nimps
,niner
,nines
,ninon
,nipas
,nippy
,niqab
,nirls
,nirly
,nisei
,nisse
,nisus
,niter
,nites
,nitid
,niton
,nitre
,nitro
,nitry
,nitty
,nival
,nixed
,nixer
,nixes
,nixie
,nizam
,nkosi
,noahs
,nobby
,nocks
,nodal
,noddy
,nodes
,nodus
,noels
,noggs
,nohow
,noils
,noily
,noint
,noirs
,noles
,nolls
,nolos
,nomas
,nomen
,nomes
,nomic
,nomoi
,nomos
,nonas
,nonce
,nones
,nonet
,nongs
,nonis
,nonny
,nonyl
,noobs
,nooit
,nooks
,nooky
,noons
,noops
,nopal
,noria
,noris
,norks
,norma
,norms
,nosed
,noser
,noses
,notal
,noted
,noter
,notes
,notum
,nould
,noule
,nouls
,nouns
,nouny
,noups
,novae
,novas
,novum
,noway
,nowed
,nowls
,nowts
,nowty
,noxal
,noxes
,noyau
,noyed
,noyes
,nubby
,nubia
,nucha
,nuddy
,nuder
,nudes
,nudie
,nudzh
,nuffs
,nugae
,nuked
,nukes
,nulla
,nulls
,numbs
,numen
,nummy
,nunny
,nurds
,nurdy
,nurls
,nurrs
,nutso
,nutsy
,nyaff
,nyala
,nying
,nyssa
,oaked
,oaker
,oakum
,oared
,oases
,oasis
,oasts
,oaten
,oater
,oaths
,oaves
,obang
,obeah
,obeli
,obeys
,obias
,obied
,obiit
,obits
,objet
,oboes
,obole
,oboli
,obols
,occam
,ocher
,oches
,ochre
,ochry
,ocker
,ocrea
,octad
,octan
,octas
,octyl
,oculi
,odahs
,odals
,odeon
,odeum
,odism
,odist
,odium
,odors
,odour
,odyle
,odyls
,ofays
,offed
,offie
,oflag
,ofter
,ogams
,ogeed
,ogees
,oggin
,ogham
,ogive
,ogled
,ogler
,ogles
,ogmic
,ogres
,ohias
,ohing
,ohmic
,ohone
,oidia
,oiled
,oiler
,oinks
,oints
,ojime
,okapi
,okays
,okehs
,okras
,oktas
,oldie
,oleic
,olein
,olent
,oleos
,oleum
,olios
,ollas
,ollav
,oller
,ollie
,ology
,olpae
,olpes
,omasa
,omber
,ombus
,omens
,omers
,omits
,omlah
,omovs
,omrah
,oncer
,onces
,oncet
,oncus
,onely
,oners
,onery
,onium
,onkus
,onlay
,onned
,ontic
,oobit
,oohed
,oomph
,oonts
,ooped
,oorie
,ooses
,ootid
,oozed
,oozes
,opahs
,opals
,opens
,opepe
,oping
,oppos
,opsin
,opted
,opter
,orach
,oracy
,orals
,orang
,orant
,orate
,orbed
,orcas
,orcin
,ordos
,oread
,orfes
,orgia
,orgic
,orgue
,oribi
,oriel
,orixa
,orles
,orlon
,orlop
,ormer
,ornis
,orpin
,orris
,ortho
,orval
,orzos
,oscar
,oshac
,osier
,osmic
,osmol
,ossia
,ostia
,otaku
,otary
,ottar
,ottos
,oubit
,oucht
,ouens
,ouija
,oulks
,oumas
,oundy
,oupas
,ouped
,ouphe
,ouphs
,ourie
,ousel
,ousts
,outby
,outed
,outre
,outro
,outta
,ouzel
,ouzos
,ovals
,ovels
,ovens
,overs
,ovist
,ovoli
,ovolo
,ovule
,owche
,owies
,owled
,owler
,owlet
,owned
,owres
,owrie
,owsen
,oxbow
,oxers
,oxeye
,oxids
,oxies
,oxime
,oxims
,oxlip
,oxter
,oyers
,ozeki
,ozzie
,paals
,paans
,pacas
,paced
,pacer
,paces
,pacey
,pacha
,packs
,pacos
,pacta
,pacts
,padis
,padle
,padma
,padre
,padri
,paean
,paedo
,paeon
,paged
,pager
,pages
,pagle
,pagod
,pagri
,paiks
,pails
,pains
,paire
,pairs
,paisa
,paise
,pakka
,palas
,palay
,palea
,paled
,pales
,palet
,palis
,palki
,palla
,palls
,pally
,palms
,palmy
,palpi
,palps
,palsa
,pampa
,panax
,pance
,panda
,pands
,pandy
,paned
,panes
,panga
,pangs
,panim
,panko
,panne
,panni
,panto
,pants
,panty
,paoli
,paolo
,papas
,papaw
,papes
,pappi
,pappy
,parae
,paras
,parch
,pardi
,pards
,pardy
,pared
,paren
,pareo
,pares
,pareu
,parev
,parge
,pargo
,paris
,parki
,parks
,parky
,parle
,parly
,parma
,parol
,parps
,parra
,parrs
,parti
,parts
,parve
,parvo
,paseo
,pases
,pasha
,pashm
,paska
,paspy
,passe
,pasts
,pated
,paten
,pater
,pates
,paths
,patin
,patka
,patly
,patte
,patus
,pauas
,pauls
,pavan
,paved
,paven
,paver
,paves
,pavid
,pavin
,pavis
,pawas
,pawaw
,pawed
,pawer
,pawks
,pawky
,pawls
,pawns
,paxes
,payed
,payor
,paysd
,peage
,peags
,peaks
,peaky
,peals
,peans
,peare
,pears
,peart
,pease
,peats
,peaty
,peavy
,peaze
,pebas
,pechs
,pecke
,pecks
,pecky
,pedes
,pedis
,pedro
,peece
,peeks
,peels
,peens
,peeoy
,peepe
,peeps
,peers
,peery
,peeve
,peggy
,peghs
,peins
,peise
,peize
,pekan
,pekes
,pekin
,pekoe
,pelas
,pelau
,peles
,pelfs
,pells
,pelma
,pelon
,pelta
,pelts
,pends
,pendu
,pened
,penes
,pengo
,penie
,penis
,penks
,penna
,penni
,pents
,peons
,peony
,pepla
,pepos
,peppy
,pepsi
,perai
,perce
,percs
,perdu
,perdy
,perea
,peres
,peris
,perks
,perms
,perns
,perog
,perps
,perry
,perse
,perst
,perts
,perve
,pervo
,pervs
,pervy
,pesos
,pests
,pesty
,petar
,peter
,petit
,petre
,petri
,petti
,petto
,pewee
,pewit
,peyse
,phage
,phang
,phare
,pharm
,pheer
,phene
,pheon
,phese
,phial
,phish
,phizz
,phlox
,phoca
,phono
,phons
,phots
,phpht
,phuts
,phyla
,phyle
,piani
,pians
,pibal
,pical
,picas
,piccy
,picks
,picot
,picra
,picul
,piend
,piers
,piert
,pieta
,piets
,piezo
,pight
,pigmy
,piing
,pikas
,pikau
,piked
,piker
,pikes
,pikey
,pikis
,pikul
,pilae
,pilaf
,pilao
,pilar
,pilau
,pilaw
,pilch
,pilea
,piled
,pilei
,piler
,piles
,pilis
,pills
,pilow
,pilum
,pilus
,pimas
,pimps
,pinas
,pined
,pines
,pingo
,pings
,pinko
,pinks
,pinna
,pinny
,pinon
,pinot
,pinta
,pints
,pinup
,pions
,piony
,pious
,pioye
,pioys
,pipal
,pipas
,piped
,pipes
,pipet
,pipis
,pipit
,pippy
,pipul
,pirai
,pirls
,pirns
,pirog
,pisco
,pises
,pisky
,pisos
,pissy
,piste
,pitas
,piths
,piton
,pitot
,pitta
,piums
,pixes
,pized
,pizes
,plaas
,plack
,plage
,plans
,plaps
,plash
,plasm
,plast
,plats
,platt
,platy
,playa
,plays
,pleas
,plebe
,plebs
,plena
,pleon
,plesh
,plews
,plica
,plies
,plims
,pling
,plink
,ploat
,plods
,plong
,plonk
,plook
,plops
,plots
,plotz
,plouk
,plows
,ploye
,ploys
,plues
,pluff
,plugs
,plums
,plumy
,pluot
,pluto
,plyer
,poach
,poaka
,poake
,poboy
,pocks
,pocky
,podal
,poddy
,podex
,podge
,podgy
,podia
,poems
,poeps
,poets
,pogey
,pogge
,pogos
,pohed
,poilu
,poind
,pokal
,poked
,pokes
,pokey
,pokie
,poled
,poler
,poles
,poley
,polio
,polis
,polje
,polks
,polls
,polly
,polos
,polts
,polys
,pombe
,pomes
,pommy
,pomos
,pomps
,ponce
,poncy
,ponds
,pones
,poney
,ponga
,pongo
,pongs
,pongy
,ponks
,ponts
,ponty
,ponzu
,poods
,pooed
,poofs
,poofy
,poohs
,pooja
,pooka
,pooks
,pools
,poons
,poops
,poopy
,poori
,poort
,poots
,poove
,poovy
,popes
,poppa
,popsy
,porae
,poral
,pored
,porer
,pores
,porge
,porgy
,porin
,porks
,porky
,porno
,porns
,porny
,porta
,ports
,porty
,posed
,poses
,posey
,posho
,posts
,potae
,potch
,poted
,potes
,potin
,potoo
,potsy
,potto
,potts
,potty
,pouff
,poufs
,pouke
,pouks
,poule
,poulp
,poult
,poupe
,poupt
,pours
,pouts
,powan
,powin
,pownd
,powns
,powny
,powre
,poxed
,poxes
,poynt
,poyou
,poyse
,pozzy
,praam
,prads
,prahu
,prams
,prana
,prang
,praos
,prase
,prate
,prats
,pratt
,praty
,praus
,prays
,predy
,preed
,prees
,preif
,prems
,premy
,prent
,preon
,preop
,preps
,presa
,prese
,prest
,preve
,prexy
,preys
,prial
,pricy
,prief
,prier
,pries
,prigs
,prill
,prima
,primi
,primp
,prims
,primy
,prink
,prion
,prise
,priss
,proas
,probs
,prods
,proem
,profs
,progs
,proin
,proke
,prole
,proll
,promo
,proms
,pronk
,props
,prore
,proso
,pross
,prost
,prosy
,proto
,proul
,prows
,proyn
,prunt
,pruta
,pryer
,pryse
,pseud
,pshaw
,psion
,psoae
,psoai
,psoas
,psora
,psych
,psyop
,pubco
,pubes
,pubis
,pucan
,pucer
,puces
,pucka
,pucks
,puddy
,pudge
,pudic
,pudor
,pudsy
,pudus
,puers
,puffa
,puffs
,puggy
,pugil
,puhas
,pujah
,pujas
,pukas
,puked
,puker
,pukes
,pukey
,pukka
,pukus
,pulao
,pulas
,puled
,puler
,pules
,pulik
,pulis
,pulka
,pulks
,pulli
,pulls
,pully
,pulmo
,pulps
,pulus
,pumas
,pumie
,pumps
,punas
,punce
,punga
,pungs
,punji
,punka
,punks
,punky
,punny
,punto
,punts
,punty
,pupae
,pupas
,pupus
,purda
,pured
,pures
,purin
,puris
,purls
,purpy
,purrs
,pursy
,purty
,puses
,pusle
,pussy
,putid
,puton
,putti
,putto
,putts
,puzel
,pwned
,pyats
,pyets
,pygal
,pyins
,pylon
,pyned
,pynes
,pyoid
,pyots
,pyral
,pyran
,pyres
,pyrex
,pyric
,pyros
,pyxed
,pyxes
,pyxie
,pyxis
,pzazz
,qadis
,qaids
,qajaq
,qanat
,qapik
,qibla
,qophs
,qorma
,quads
,quaff
,quags
,quair
,quais
,quaky
,quale
,quant
,quare
,quass
,quate
,quats
,quayd
,quays
,qubit
,quean
,queme
,quena
,quern
,queyn
,queys
,quich
,quids
,quiff
,quims
,quina
,quine
,quino
,quins
,quint
,quipo
,quips
,quipu
,quire
,quirt
,quist
,quits
,quoad
,quods
,quoif
,quoin
,quoit
,quoll
,quonk
,quops
,qursh
,quyte
,rabat
,rabic
,rabis
,raced
,races
,rache
,racks
,racon
,radge
,radix
,radon
,raffs
,rafts
,ragas
,ragde
,raged
,ragee
,rager
,rages
,ragga
,raggs
,raggy
,ragis
,ragus
,rahed
,rahui
,raias
,raids
,raiks
,raile
,rails
,raine
,rains
,raird
,raita
,raits
,rajas
,rajes
,raked
,rakee
,raker
,rakes
,rakia
,rakis
,rakus
,rales
,ramal
,ramee
,ramet
,ramie
,ramin
,ramis
,rammy
,ramps
,ramus
,ranas
,rance
,rands
,ranee
,ranga
,rangi
,rangs
,rangy
,ranid
,ranis
,ranke
,ranks
,rants
,raped
,raper
,rapes
,raphe
,rappe
,rared
,raree
,rares
,rarks
,rased
,raser
,rases
,rasps
,rasse
,rasta
,ratal
,ratan
,ratas
,ratch
,rated
,ratel
,rater
,rates
,ratha
,rathe
,raths
,ratoo
,ratos
,ratus
,rauns
,raupo
,raved
,ravel
,raver
,raves
,ravey
,ravin
,rawer
,rawin
,rawly
,rawns
,raxed
,raxes
,rayah
,rayas
,rayed
,rayle
,rayne
,razed
,razee
,razer
,razes
,razoo
,readd
,reads
,reais
,reaks
,realo
,reals
,reame
,reams
,reamy
,reans
,reaps
,rears
,reast
,reata
,reate
,reave
,rebbe
,rebec
,rebid
,rebit
,rebop
,rebuy
,recal
,recce
,recco
,reccy
,recit
,recks
,recon
,recta
,recti
,recto
,redan
,redds
,reddy
,reded
,redes
,redia
,redid
,redip
,redly
,redon
,redos
,redox
,redry
,redub
,redux
,redye
,reech
,reede
,reeds
,reefs
,reefy
,reeks
,reeky
,reels
,reens
,reest
,reeve
,refed
,refel
,reffo
,refis
,refix
,refly
,refry
,regar
,reges
,reggo
,regie
,regma
,regna
,regos
,regur
,rehem
,reifs
,reify
,reiki
,reiks
,reink
,reins
,reird
,reist
,reive
,rejig
,rejon
,reked
,rekes
,rekey
,relet
,relie
,relit
,rello
,reman
,remap
,remen
,remet
,remex
,remix
,renay
,rends
,reney
,renga
,renig
,renin
,renne
,renos
,rente
,rents
,reoil
,reorg
,repeg
,repin
,repla
,repos
,repot
,repps
,repro
,reran
,rerig
,resat
,resaw
,resay
,resee
,reses
,resew
,resid
,resit
,resod
,resow
,resto
,rests
,resty
,resus
,retag
,retax
,retem
,retia
,retie
,retox
,revet
,revie
,rewan
,rewax
,rewed
,rewet
,rewin
,rewon
,rewth
,rexes
,rezes
,rheas
,rheme
,rheum
,rhies
,rhime
,rhine
,rhody
,rhomb
,rhone
,rhumb
,rhyne
,rhyta
,riads
,rials
,riant
,riata
,ribas
,ribby
,ribes
,riced
,ricer
,rices
,ricey
,richt
,ricin
,ricks
,rides
,ridgy
,ridic
,riels
,riems
,rieve
,rifer
,riffs
,rifte
,rifts
,rifty
,riggs
,rigol
,riled
,riles
,riley
,rille
,rills
,rimae
,rimed
,rimer
,rimes
,rimus
,rinds
,rindy
,rines
,rings
,rinks
,rioja
,riots
,riped
,ripes
,ripps
,rises
,rishi
,risks
,risps
,risus
,rites
,ritts
,ritzy
,rivas
,rived
,rivel
,riven
,rives
,riyal
,rizas
,roads
,roams
,roans
,roars
,roary
,roate
,robed
,robes
,roble
,rocks
,roded
,rodes
,roguy
,rohes
,roids
,roils
,roily
,roins
,roist
,rojak
,rojis
,roked
,roker
,rokes
,rolag
,roles
,rolfs
,rolls
,romal
,roman
,romeo
,romps
,ronde
,rondo
,roneo
,rones
,ronin
,ronne
,ronte
,ronts
,roods
,roofs
,roofy
,rooks
,rooky
,rooms
,roons
,roops
,roopy
,roosa
,roose
,roots
,rooty
,roped
,roper
,ropes
,ropey
,roque
,roral
,rores
,roric
,rorid
,rorie
,rorts
,rorty
,rosed
,roses
,roset
,roshi
,rosin
,rosit
,rosti
,rosts
,rotal
,rotan
,rotas
,rotch
,roted
,rotes
,rotis
,rotls
,roton
,rotos
,rotte
,rouen
,roues
,roule
,rouls
,roums
,roups
,roupy
,roust
,routh
,routs
,roved
,roven
,roves
,rowan
,rowed
,rowel
,rowen
,rowie
,rowme
,rownd
,rowth
,rowts
,royne
,royst
,rozet
,rozit
,ruana
,rubai
,rubby
,rubel
,rubes
,rubin
,ruble
,rubli
,rubus
,ruche
,rucks
,rudas
,rudds
,rudes
,rudie
,rudis
,rueda
,ruers
,ruffe
,ruffs
,rugae
,rugal
,ruggy
,ruing
,ruins
,rukhs
,ruled
,rules
,rumal
,rumbo
,rumen
,rumes
,rumly
,rummy
,rumpo
,rumps
,rumpy
,runch
,runds
,runed
,runes
,rungs
,runic
,runny
,runts
,runty
,rupia
,rurps
,rurus
,rusas
,ruses
,rushy
,rusks
,rusma
,russe
,rusts
,ruths
,rutin
,rutty
,ryals
,rybat
,ryked
,rykes
,rymme
,rynds
,ryots
,ryper
,saags
,sabal
,sabed
,saber
,sabes
,sabha
,sabin
,sabir
,sable
,sabot
,sabra
,sabre
,sacks
,sacra
,saddo
,sades
,sadhe
,sadhu
,sadis
,sados
,sadza
,safed
,safes
,sagas
,sager
,sages
,saggy
,sagos
,sagum
,saheb
,sahib
,saice
,saick
,saics
,saids
,saiga
,sails
,saims
,saine
,sains
,sairs
,saist
,saith
,sajou
,sakai
,saker
,sakes
,sakia
,sakis
,sakti
,salal
,salat
,salep
,sales
,salet
,salic
,salix
,salle
,salmi
,salol
,salop
,salpa
,salps
,salse
,salto
,salts
,salue
,salut
,saman
,samas
,samba
,sambo
,samek
,samel
,samen
,sames
,samey
,samfu
,sammy
,sampi
,samps
,sands
,saned
,sanes
,sanga
,sangh
,sango
,sangs
,sanko
,sansa
,santo
,sants
,saola
,sapan
,sapid
,sapor
,saran
,sards
,sared
,saree
,sarge
,sargo
,sarin
,saris
,sarks
,sarky
,sarod
,saros
,sarus
,saser
,sasin
,sasse
,satai
,satay
,sated
,satem
,sates
,satis
,sauba
,sauch
,saugh
,sauls
,sault
,saunt
,saury
,sauts
,saved
,saver
,saves
,savey
,savin
,sawah
,sawed
,sawer
,saxes
,sayed
,sayer
,sayid
,sayne
,sayon
,sayst
,sazes
,scabs
,scads
,scaff
,scags
,scail
,scala
,scall
,scams
,scand
,scans
,scapa
,scape
,scapi
,scarp
,scars
,scart
,scath
,scats
,scatt
,scaud
,scaup
,scaur
,scaws
,sceat
,scena
,scend
,schav
,schmo
,schul
,schwa
,sclim
,scody
,scogs
,scoog
,scoot
,scopa
,scops
,scots
,scoug
,scoup
,scowp
,scows
,scrab
,scrae
,scrag
,scran
,scrat
,scraw
,scray
,scrim
,scrip
,scrob
,scrod
,scrog
,scrow
,scudi
,scudo
,scuds
,scuff
,scuft
,scugs
,sculk
,scull
,sculp
,sculs
,scums
,scups
,scurf
,scurs
,scuse
,scuta
,scute
,scuts
,scuzz
,scyes
,sdayn
,sdein
,seals
,seame
,seams
,seamy
,seans
,seare
,sears
,sease
,seats
,seaze
,sebum
,secco
,sechs
,sects
,seder
,sedes
,sedge
,sedgy
,sedum
,seeds
,seeks
,seeld
,seels
,seely
,seems
,seeps
,seepy
,seers
,sefer
,segar
,segni
,segno
,segol
,segos
,sehri
,seifs
,seils
,seine
,seirs
,seise
,seism
,seity
,seiza
,sekos
,sekts
,selah
,seles
,selfs
,sella
,selle
,sells
,selva
,semee
,semes
,semie
,semis
,senas
,sends
,senes
,sengi
,senna
,senor
,sensa
,sensi
,sente
,senti
,sents
,senvy
,senza
,sepad
,sepal
,sepic
,sepoy
,septa
,septs
,serac
,serai
,seral
,sered
,serer
,seres
,serfs
,serge
,seric
,serin
,serks
,seron
,serow
,serra
,serre
,serrs
,serry
,servo
,sesey
,sessa
,setae
,setal
,seton
,setts
,sewan
,sewar
,sewed
,sewel
,sewen
,sewin
,sexed
,sexer
,sexes
,sexto
,sexts
,seyen
,shads
,shags
,shahs
,shako
,shakt
,shalm
,shaly
,shama
,shams
,shand
,shans
,shaps
,sharn
,shash
,shaul
,shawm
,shawn
,shaws
,shaya
,shays
,shchi
,sheaf
,sheal
,sheas
,sheds
,sheel
,shend
,shent
,sheol
,sherd
,shere
,shero
,shets
,sheva
,shewn
,shews
,shiai
,shiel
,shier
,shies
,shill
,shily
,shims
,shins
,ships
,shirr
,shirs
,shish
,shiso
,shist
,shite
,shits
,shiur
,shiva
,shive
,shivs
,shlep
,shlub
,shmek
,shmoe
,shoat
,shoed
,shoer
,shoes
,shogi
,shogs
,shoji
,shojo
,shola
,shool
,shoon
,shoos
,shope
,shops
,shorl
,shote
,shots
,shott
,showd
,shows
,shoyu
,shred
,shris
,shrow
,shtik
,shtum
,shtup
,shule
,shuln
,shuls
,shuns
,shura
,shute
,shuts
,shwas
,shyer
,sials
,sibbs
,sibyl
,sices
,sicht
,sicko
,sicks
,sicky
,sidas
,sided
,sider
,sides
,sidha
,sidhe
,sidle
,sield
,siens
,sient
,sieth
,sieur
,sifts
,sighs
,sigil
,sigla
,signa
,signs
,sijos
,sikas
,siker
,sikes
,silds
,siled
,silen
,siler
,siles
,silex
,silks
,sills
,silos
,silts
,silty
,silva
,simar
,simas
,simba
,simis
,simps
,simul
,sinds
,sined
,sines
,sings
,sinhs
,sinks
,sinky
,sinus
,siped
,sipes
,sippy
,sired
,siree
,sires
,sirih
,siris
,siroc
,sirra
,sirup
,sisal
,sises
,sista
,sists
,sitar
,sited
,sites
,sithe
,sitka
,situp
,situs
,siver
,sixer
,sixes
,sixmo
,sixte
,sizar
,sized
,sizel
,sizer
,sizes
,skags
,skail
,skald
,skank
,skart
,skats
,skatt
,skaws
,skean
,skear
,skeds
,skeed
,skeef
,skeen
,skeer
,skees
,skeet
,skegg
,skegs
,skein
,skelf
,skell
,skelm
,skelp
,skene
,skens
,skeos
,skeps
,skers
,skets
,skews
,skids
,skied
,skies
,skiey
,skimo
,skims
,skink
,skins
,skint
,skios
,skips
,skirl
,skirr
,skite
,skits
,skive
,skivy
,sklim
,skoal
,skody
,skoff
,skogs
,skols
,skool
,skort
,skosh
,skran
,skrik
,skuas
,skugs
,skyed
,skyer
,skyey
,skyfs
,skyre
,skyrs
,skyte
,slabs
,slade
,slaes
,slags
,slaid
,slake
,slams
,slane
,slank
,slaps
,slart
,slats
,slaty
,slaws
,slays
,slebs
,sleds
,sleer
,slews
,sleys
,slier
,slily
,slims
,slipe
,slips
,slipt
,slish
,slits
,slive
,sloan
,slobs
,sloes
,slogs
,sloid
,slojd
,slomo
,sloom
,sloot
,slops
,slopy
,slorm
,slots
,slove
,slows
,sloyd
,slubb
,slubs
,slued
,slues
,sluff
,slugs
,sluit
,slums
,slurb
,slurs
,sluse
,sluts
,slyer
,slype
,smaak
,smaik
,smalm
,smalt
,smarm
,smaze
,smeek
,smees
,smeik
,smeke
,smerk
,smews
,smirr
,smirs
,smits
,smogs
,smoko
,smolt
,smoor
,smoot
,smore
,smorg
,smout
,smowt
,smugs
,smurs
,smush
,smuts
,snabs
,snafu
,snags
,snaps
,snarf
,snark
,snars
,snary
,snash
,snath
,snaws
,snead
,sneap
,snebs
,sneck
,sneds
,sneed
,snees
,snell
,snibs
,snick
,snies
,snift
,snigs
,snips
,snipy
,snirt
,snits
,snobs
,snods
,snoek
,snoep
,snogs
,snoke
,snood
,snook
,snool
,snoot
,snots
,snowk
,snows
,snubs
,snugs
,snush
,snyes
,soaks
,soaps
,soare
,soars
,soave
,sobas
,socas
,soces
,socko
,socks
,socle
,sodas
,soddy
,sodic
,sodom
,sofar
,sofas
,softa
,softs
,softy
,soger
,sohur
,soils
,soily
,sojas
,sojus
,sokah
,soken
,sokes
,sokol
,solah
,solan
,solas
,solde
,soldi
,soldo
,solds
,soled
,solei
,soler
,soles
,solon
,solos
,solum
,solus
,soman
,somas
,sonce
,sonde
,sones
,songs
,sonly
,sonne
,sonny
,sonse
,sonsy
,sooey
,sooks
,sooky
,soole
,sools
,sooms
,soops
,soote
,soots
,sophs
,sophy
,sopor
,soppy
,sopra
,soral
,soras
,sorbo
,sorbs
,sorda
,sordo
,sords
,sored
,soree
,sorel
,sorer
,sores
,sorex
,sorgo
,sorns
,sorra
,sorta
,sorts
,sorus
,soths
,sotol
,souce
,souct
,sough
,souks
,souls
,soums
,soups
,soupy
,sours
,souse
,souts
,sowar
,sowce
,sowed
,sowff
,sowfs
,sowle
,sowls
,sowms
,sownd
,sowne
,sowps
,sowse
,sowth
,soyas
,soyle
,soyuz
,sozin
,spacy
,spado
,spaed
,spaer
,spaes
,spags
,spahi
,spail
,spain
,spait
,spake
,spald
,spale
,spall
,spalt
,spams
,spane
,spang
,spans
,spard
,spars
,spart
,spate
,spats
,spaul
,spawl
,spaws
,spayd
,spays
,spaza
,spazz
,speal
,spean
,speat
,specs
,spect
,speel
,speer
,speil
,speir
,speks
,speld
,spelk
,speos
,spets
,speug
,spews
,spewy
,spial
,spica
,spick
,spics
,spide
,spier
,spies
,spiff
,spifs
,spiks
,spile
,spims
,spina
,spink
,spins
,spirt
,spiry
,spits
,spitz
,spivs
,splay
,splog
,spode
,spods
,spoom
,spoor
,spoot
,spork
,sposh
,spots
,sprad
,sprag
,sprat
,spred
,sprew
,sprit
,sprod
,sprog
,sprue
,sprug
,spuds
,spued
,spuer
,spues
,spugs
,spule
,spume
,spumy
,spurs
,sputa
,spyal
,spyre
,squab
,squaw
,squeg
,squid
,squit
,squiz
,stabs
,stade
,stags
,stagy
,staig
,stane
,stang
,staph
,staps
,starn
,starr
,stars
,stats
,staun
,staws
,stays
,stean
,stear
,stedd
,stede
,steds
,steek
,steem
,steen
,steil
,stela
,stele
,stell
,steme
,stems
,stend
,steno
,stens
,stent
,steps
,stept
,stere
,stets
,stews
,stewy
,steys
,stich
,stied
,sties
,stilb
,stile
,stime
,stims
,stimy
,stipa
,stipe
,stire
,stirk
,stirp
,stirs
,stive
,stivy
,stoae
,stoai
,stoas
,stoat
,stobs
,stoep
,stogy
,stoit
,stoln
,stoma
,stond
,stong
,stonk
,stonn
,stook
,stoor
,stope
,stops
,stopt
,stoss
,stots
,stott
,stoun
,stoup
,stour
,stown
,stowp
,stows
,strad
,strae
,strag
,strak
,strep
,strew
,stria
,strig
,strim
,strop
,strow
,stroy
,strum
,stubs
,stude
,studs
,stull
,stulm
,stumm
,stums
,stuns
,stupa
,stupe
,sture
,sturt
,styed
,styes
,styli
,stylo
,styme
,stymy
,styre
,styte
,subah
,subas
,subby
,suber
,subha
,succi
,sucks
,sucky
,sucre
,sudds
,sudor
,sudsy
,suede
,suent
,suers
,suete
,suets
,suety
,sugan
,sughs
,sugos
,suhur
,suids
,suint
,suits
,sujee
,sukhs
,sukuk
,sulci
,sulfa
,sulfo
,sulks
,sulph
,sulus
,sumis
,summa
,sumos
,sumph
,sumps
,sunis
,sunks
,sunna
,sunns
,sunup
,supes
,supra
,surah
,sural
,suras
,surat
,surds
,sured
,sures
,surfs
,surfy
,surgy
,surra
,sused
,suses
,susus
,sutor
,sutra
,sutta
,swabs
,swack
,swads
,swage
,swags
,swail
,swain
,swale
,swaly
,swamy
,swang
,swank
,swans
,swaps
,swapt
,sward
,sware
,swarf
,swart
,swats
,swayl
,sways
,sweal
,swede
,sweed
,sweel
,sweer
,swees
,sweir
,swelt
,swerf
,sweys
,swies
,swigs
,swile
,swims
,swink
,swipe
,swire
,swiss
,swith
,swits
,swive
,swizz
,swobs
,swole
,swoln
,swops
,swopt
,swots
,swoun
,sybbe
,sybil
,syboe
,sybow
,sycee
,syces
,sycon
,syens
,syker
,sykes
,sylis
,sylph
,sylva
,symar
,synch
,syncs
,synds
,syned
,synes
,synth
,syped
,sypes
,syphs
,syrah
,syren
,sysop
,sythe
,syver
,taals
,taata
,taber
,tabes
,tabid
,tabis
,tabla
,tabor
,tabun
,tabus
,tacan
,taces
,tacet
,tache
,tacho
,tachs
,tacks
,tacos
,tacts
,taels
,tafia
,taggy
,tagma
,tahas
,tahrs
,taiga
,taigs
,taiko
,tails
,tains
,taira
,taish
,taits
,tajes
,takas
,takes
,takhi
,takin
,takis
,takky
,talak
,talaq
,talar
,talas
,talcs
,talcy
,talea
,taler
,tales
,talks
,talky
,talls
,talma
,talpa
,taluk
,talus
,tamal
,tamed
,tames
,tamin
,tamis
,tammy
,tamps
,tanas
,tanga
,tangi
,tangs
,tanhs
,tanka
,tanks
,tanky
,tanna
,tansy
,tanti
,tanto
,tanty
,tapas
,taped
,tapen
,tapes
,tapet
,tapis
,tappa
,tapus
,taras
,tardo
,tared
,tares
,targa
,targe
,tarns
,taroc
,tarok
,taros
,tarps
,tarre
,tarry
,tarsi
,tarts
,tarty
,tasar
,tased
,taser
,tases
,tasks
,tassa
,tasse
,tasso
,tatar
,tater
,tates
,taths
,tatie
,tatou
,tatts
,tatus
,taube
,tauld
,tauon
,taupe
,tauts
,tavah
,tavas
,taver
,tawai
,tawas
,tawed
,tawer
,tawie
,tawse
,tawts
,taxed
,taxer
,taxes
,taxis
,taxol
,taxon
,taxor
,taxus
,tayra
,tazza
,tazze
,teade
,teads
,teaed
,teaks
,teals
,teams
,tears
,teats
,teaze
,techs
,techy
,tecta
,teels
,teems
,teend
,teene
,teens
,teeny
,teers
,teffs
,teggs
,tegua
,tegus
,tehrs
,teiid
,teils
,teind
,teins
,telae
,telco
,teles
,telex
,telia
,telic
,tells
,telly
,teloi
,telos
,temed
,temes
,tempi
,temps
,tempt
,temse
,tench
,tends
,tendu
,tenes
,tenge
,tenia
,tenne
,tenno
,tenny
,tenon
,tents
,tenty
,tenue
,tepal
,tepas
,tepoy
,terai
,teras
,terce
,terek
,teres
,terfe
,terfs
,terga
,terms
,terne
,terns
,terry
,terts
,tesla
,testa
,teste
,tests
,tetes
,teths
,tetra
,tetri
,teuch
,teugh
,tewed
,tewel
,tewit
,texas
,texes
,texts
,thack
,thagi
,thaim
,thale
,thali
,thana
,thane
,thang
,thans
,thanx
,tharm
,thars
,thaws
,thawy
,thebe
,theca
,theed
,theek
,thees
,thegn
,theic
,thein
,thelf
,thema
,thens
,theow
,therm
,thesp
,thete
,thews
,thewy
,thigs
,thilk
,thill
,thine
,thins
,thiol
,thirl
,thoft
,thole
,tholi
,thoro
,thorp
,thous
,thowl
,thrae
,thraw
,thrid
,thrip
,throe
,thuds
,thugs
,thuja
,thunk
,thurl
,thuya
,thymi
,thymy
,tians
,tiars
,tical
,ticca
,ticed
,tices
,tichy
,ticks
,ticky
,tiddy
,tided
,tides
,tiers
,tiffs
,tifos
,tifts
,tiges
,tigon
,tikas
,tikes
,tikis
,tikka
,tilak
,tiled
,tiler
,tiles
,tills
,tilly
,tilth
,tilts
,timbo
,timed
,times
,timon
,timps
,tinas
,tinct
,tinds
,tinea
,tined
,tines
,tinge
,tings
,tinks
,tinny
,tints
,tinty
,tipis
,tippy
,tired
,tires
,tirls
,tiros
,tirrs
,titch
,titer
,titis
,titre
,titty
,titup
,tiyin
,tiyns
,tizes
,tizzy
,toads
,toady
,toaze
,tocks
,tocky
,tocos
,todde
,toeas
,toffs
,toffy
,tofts
,tofus
,togae
,togas
,toged
,toges
,togue
,tohos
,toile
,toils
,toing
,toise
,toits
,tokay
,toked
,toker
,tokes
,tokos
,tolan
,tolar
,tolas
,toled
,toles
,tolls
,tolly
,tolts
,tolus
,tolyl
,toman
,tombs
,tomes
,tomia
,tommy
,tomos
,tondi
,tondo
,toned
,toner
,tones
,toney
,tongs
,tonka
,tonks
,tonne
,tonus
,tools
,tooms
,toons
,toots
,toped
,topee
,topek
,toper
,topes
,tophe
,tophi
,tophs
,topis
,topoi
,topos
,toppy
,toque
,torah
,toran
,toras
,torcs
,tores
,toric
,torii
,toros
,torot
,torrs
,torse
,torsi
,torsk
,torta
,torte
,torts
,tosas
,tosed
,toses
,toshy
,tossy
,toted
,toter
,totes
,totty
,touks
,touns
,tours
,touse
,tousy
,touts
,touze
,touzy
,towed
,towie
,towns
,towny
,towse
,towsy
,towts
,towze
,towzy
,toyed
,toyer
,toyon
,toyos
,tozed
,tozes
,tozie
,trabs
,trads
,tragi
,traik
,trams
,trank
,tranq
,trans
,trant
,trape
,traps
,trapt
,trass
,trats
,tratt
,trave
,trayf
,trays
,treck
,treed
,treen
,trees
,trefa
,treif
,treks
,trema
,trems
,tress
,trest
,trets
,trews
,treyf
,treys
,triac
,tride
,trier
,tries
,triff
,trigo
,trigs
,trike
,trild
,trill
,trims
,trine
,trins
,triol
,trior
,trios
,trips
,tripy
,trist
,troad
,troak
,troat
,trock
,trode
,trods
,trogs
,trois
,troke
,tromp
,trona
,tronc
,trone
,tronk
,trons
,trooz
,troth
,trots
,trows
,troys
,trued
,trues
,trugo
,trugs
,trull
,tryer
,tryke
,tryma
,tryps
,tsade
,tsadi
,tsars
,tsked
,tsuba
,tsubo
,tuans
,tuart
,tuath
,tubae
,tubar
,tubas
,tubby
,tubed
,tubes
,tucks
,tufas
,tuffe
,tuffs
,tufts
,tufty
,tugra
,tuile
,tuina
,tuism
,tuktu
,tules
,tulpa
,tulsi
,tumid
,tummy
,tumps
,tumpy
,tunas
,tunds
,tuned
,tuner
,tunes
,tungs
,tunny
,tupek
,tupik
,tuple
,tuque
,turds
,turfs
,turfy
,turks
,turme
,turms
,turns
,turnt
,turps
,turrs
,tushy
,tusks
,tusky
,tutee
,tutti
,tutty
,tutus
,tuxes
,tuyer
,twaes
,twain
,twals
,twank
,twats
,tways
,tweel
,tween
,tweep
,tweer
,twerk
,twerp
,twier
,twigs
,twill
,twilt
,twink
,twins
,twiny
,twire
,twirp
,twite
,twits
,twoer
,twyer
,tyees
,tyers
,tyiyn
,tykes
,tyler
,tymps
,tynde
,tyned
,tynes
,typal
,typed
,types
,typey
,typic
,typos
,typps
,typto
,tyran
,tyred
,tyres
,tyros
,tythe
,tzars
,udals
,udons
,ugali
,ugged
,uhlan
,uhuru
,ukase
,ulama
,ulans
,ulema
,ulmin
,ulnad
,ulnae
,ulnar
,ulnas
,ulpan
,ulvas
,ulyie
,ulzie
,umami
,umbel
,umber
,umble
,umbos
,umbre
,umiac
,umiak
,umiaq
,ummah
,ummas
,ummed
,umped
,umphs
,umpie
,umpty
,umrah
,umras
,unais
,unapt
,unarm
,unary
,unaus
,unbag
,unban
,unbar
,unbed
,unbid
,unbox
,uncap
,unces
,uncia
,uncos
,uncoy
,uncus
,undam
,undee
,undos
,undug
,uneth
,unfix
,ungag
,unget
,ungod
,ungot
,ungum
,unhat
,unhip
,unica
,units
,unjam
,unked
,unket
,unkid
,unlaw
,unlay
,unled
,unlet
,unlid
,unman
,unmew
,unmix
,unpay
,unpeg
,unpen
,unpin
,unred
,unrid
,unrig
,unrip
,unsaw
,unsay
,unsee
,unsew
,unsex
,unsod
,untax
,untin
,unwet
,unwit
,unwon
,upbow
,upbye
,updos
,updry
,upend
,upjet
,uplay
,upled
,uplit
,upped
,upran
,uprun
,upsee
,upsey
,uptak
,upter
,uptie
,uraei
,urali
,uraos
,urare
,urari
,urase
,urate
,urbex
,urbia
,urdee
,ureal
,ureas
,uredo
,ureic
,urena
,urent
,urged
,urger
,urges
,urial
,urite
,urman
,urnal
,urned
,urped
,ursae
,ursid
,urson
,urubu
,urvas
,users
,usnea
,usque
,usure
,usury
,uteri
,uveal
,uveas
,uvula
,vacua
,vaded
,vades
,vagal
,vagus
,vails
,vaire
,vairs
,vairy
,vakas
,vakil
,vales
,valis
,valse
,vamps
,vampy
,vanda
,vaned
,vanes
,vangs
,vants
,vaped
,vaper
,vapes
,varan
,varas
,vardy
,varec
,vares
,varia
,varix
,varna
,varus
,varve
,vasal
,vases
,vasts
,vasty
,vatic
,vatus
,vauch
,vaute
,vauts
,vawte
,vaxes
,veale
,veals
,vealy
,veena
,veeps
,veers
,veery
,vegas
,veges
,vegie
,vegos
,vehme
,veils
,veily
,veins
,veiny
,velar
,velds
,veldt
,veles
,vells
,velum
,venae
,venal
,vends
,vendu
,veney
,venge
,venin
,vents
,venus
,verbs
,verra
,verry
,verst
,verts
,vertu
,vespa
,vesta
,vests
,vetch
,vexed
,vexer
,vexes
,vexil
,vezir
,vials
,viand
,vibes
,vibex
,vibey
,viced
,vices
,vichy
,viers
,views
,viewy
,vifda
,viffs
,vigas
,vigia
,vilde
,viler
,villi
,vills
,vimen
,vinal
,vinas
,vinca
,vined
,viner
,vines
,vinew
,vinic
,vinos
,vints
,viold
,viols
,vired
,vireo
,vires
,virga
,virge
,virid
,virls
,virtu
,visas
,vised
,vises
,visie
,visne
,vison
,visto
,vitae
,vitas
,vitex
,vitro
,vitta
,vivas
,vivat
,vivda
,viver
,vives
,vizir
,vizor
,vleis
,vlies
,vlogs
,voars
,vocab
,voces
,voddy
,vodou
,vodun
,voema
,vogie
,voids
,voile
,voips
,volae
,volar
,voled
,voles
,volet
,volks
,volta
,volte
,volti
,volts
,volva
,volve
,vomer
,voted
,votes
,vouge
,voulu
,vowed
,vower
,voxel
,vozhd
,vraic
,vrils
,vroom
,vrous
,vrouw
,vrows
,vuggs
,vuggy
,vughs
,vughy
,vulgo
,vulns
,vulva
,vutty
,waacs
,wacke
,wacko
,wacks
,wadds
,waddy
,waded
,wader
,wades
,wadge
,wadis
,wadts
,waffs
,wafts
,waged
,wages
,wagga
,wagyu
,wahoo
,waide
,waifs
,waift
,wails
,wains
,wairs
,waite
,waits
,wakas
,waked
,waken
,waker
,wakes
,wakfs
,waldo
,walds
,waled
,waler
,wales
,walie
,walis
,walks
,walla
,walls
,wally
,walty
,wamed
,wames
,wamus
,wands
,waned
,wanes
,waney
,wangs
,wanks
,wanky
,wanle
,wanly
,wanna
,wants
,wanty
,wanze
,waqfs
,warbs
,warby
,wards
,wared
,wares
,warez
,warks
,warms
,warns
,warps
,warre
,warst
,warts
,wases
,washy
,wasms
,wasps
,waspy
,wasts
,watap
,watts
,wauff
,waugh
,wauks
,waulk
,wauls
,waurs
,waved
,waves
,wavey
,wawas
,wawes
,wawls
,waxed
,waxer
,waxes
,wayed
,wazir
,wazoo
,weald
,weals
,weamb
,weans
,wears
,webby
,weber
,wecht
,wedel
,wedgy
,weeds
,weeke
,weeks
,weels
,weems
,weens
,weeny
,weeps
,weepy
,weest
,weete
,weets
,wefte
,wefts
,weids
,weils
,weirs
,weise
,weize
,wekas
,welds
,welke
,welks
,welkt
,wells
,welly
,welts
,wembs
,wends
,wenge
,wenny
,wents
,weros
,wersh
,wests
,wetas
,wetly
,wexed
,wexes
,whamo
,whams
,whang
,whaps
,whare
,whata
,whats
,whaup
,whaur
,wheal
,whear
,wheen
,wheep
,wheft
,whelk
,whelm
,whens
,whets
,whews
,wheys
,whids
,whift
,whigs
,whilk
,whims
,whins
,whios
,whips
,whipt
,whirr
,whirs
,whish
,whiss
,whist
,whits
,whity
,whizz
,whomp
,whoof
,whoot
,whops
,whore
,whorl
,whort
,whoso
,whows
,whump
,whups
,whyda
,wicca
,wicks
,wicky
,widdy
,wides
,wiels
,wifed
,wifes
,wifey
,wifie
,wifty
,wigan
,wigga
,wiggy
,wikis
,wilco
,wilds
,wiled
,wiles
,wilga
,wilis
,wilja
,wills
,wilts
,wimps
,winds
,wined
,wines
,winey
,winge
,wings
,wingy
,winks
,winna
,winns
,winos
,winze
,wiped
,wiper
,wipes
,wired
,wirer
,wires
,wirra
,wised
,wises
,wisha
,wisht
,wisps
,wists
,witan
,wited
,wites
,withe
,withs
,withy
,wived
,wiver
,wives
,wizen
,wizes
,woads
,woald
,wocks
,wodge
,woful
,wojus
,woker
,wokka
,wolds
,wolfs
,wolly
,wolve
,wombs
,womby
,womyn
,wonga
,wongi
,wonks
,wonky
,wonts
,woods
,wooed
,woofs
,woofy
,woold
,wools
,woons
,woops
,woopy
,woose
,woosh
,wootz
,words
,works
,worms
,wormy
,worts
,wowed
,wowee
,woxen
,wrang
,wraps
,wrapt
,wrast
,wrate
,wrawl
,wrens
,wrick
,wried
,wrier
,wries
,writs
,wroke
,wroot
,wroth
,wryer
,wuddy
,wudus
,wulls
,wurst
,wuses
,wushu
,wussy
,wuxia
,wyled
,wyles
,wynds
,wynns
,wyted
,wytes
,xebec
,xenia
,xenic
,xenon
,xeric
,xerox
,xerus
,xoana
,xrays
,xylan
,xylem
,xylic
,xylol
,xylyl
,xysti
,xysts
,yaars
,yabas
,yabba
,yabby
,yacca
,yacka
,yacks
,yaffs
,yager
,yages
,yagis
,yahoo
,yaird
,yakka
,yakow
,yales
,yamen
,yampy
,yamun
,yangs
,yanks
,yapok
,yapon
,yapps
,yappy
,yarak
,yarco
,yards
,yarer
,yarfa
,yarks
,yarns
,yarrs
,yarta
,yarto
,yates
,yauds
,yauld
,yaups
,yawed
,yawey
,yawls
,yawns
,yawny
,yawps
,ybore
,yclad
,ycled
,ycond
,ydrad
,ydred
,yeads
,yeahs
,yealm
,yeans
,yeard
,years
,yecch
,yechs
,yechy
,yedes
,yeeds
,yeesh
,yeggs
,yelks
,yells
,yelms
,yelps
,yelts
,yenta
,yente
,yerba
,yerds
,yerks
,yeses
,yesks
,yests
,yesty
,yetis
,yetts
,yeuks
,yeuky
,yeven
,yeves
,yewen
,yexed
,yexes
,yfere
,yiked
,yikes
,yills
,yince
,yipes
,yippy
,yirds
,yirks
,yirrs
,yirth
,yites
,yitie
,ylems
,ylike
,ylkes
,ymolt
,ympes
,yobbo
,yobby
,yocks
,yodel
,yodhs
,yodle
,yogas
,yogee
,yoghs
,yogic
,yogin
,yogis
,yoick
,yojan
,yoked
,yokel
,yoker
,yokes
,yokul
,yolks
,yolky
,yomim
,yomps
,yonic
,yonis
,yonks
,yoofs
,yoops
,yores
,yorks
,yorps
,youks
,yourn
,yours
,yourt
,youse
,yowed
,yowes
,yowie
,yowls
,yowza
,yrapt
,yrent
,yrivd
,yrneh
,ysame
,ytost
,yuans
,yucas
,yucca
,yucch
,yucko
,yucks
,yucky
,yufts
,yugas
,yuked
,yukes
,yukky
,yukos
,yulan
,yules
,yummo
,yummy
,yumps
,yupon
,yuppy
,yurta
,yurts
,yuzus
,zabra
,zacks
,zaida
,zaidy
,zaire
,zakat
,zaman
,zambo
,zamia
,zanja
,zante
,zanza
,zanze
,zappy
,zarfs
,zaris
,zatis
,zaxes
,zayin
,zazen
,zeals
,zebec
,zebub
,zebus
,zedas
,zeins
,zendo
,zerda
,zerks
,zeros
,zests
,zetas
,zexes
,zezes
,zhomo
,zibet
,ziffs
,zigan
,zilas
,zilch
,zilla
,zills
,zimbi
,zimbs
,zinco
,zincs
,zincy
,zineb
,zines
,zings
,zingy
,zinke
,zinky
,zippo
,zippy
,ziram
,zitis
,zizel
,zizit
,zlote
,zloty
,zoaea
,zobos
,zobus
,zocco
,zoeae
,zoeal
,zoeas
,zoism
,zoist
,zombi
,zonae
,zonda
,zoned
,zoner
,zones
,zonks
,zooea
,zooey
,zooid
,zooks
,zooms
,zoons
,zooty
,zoppa
,zoppo
,zoril
,zoris
,zorro
,zouks
,zowee
,zowie
,zulus
,zupan
,zupas
,zuppa
,zurfs
,zuzim
,zygal
,zygon
,zymes
,zymic